{"version":"5.1.316","config":{"title":"Drawing","description":"Made with Sketchpad - https://sketch.io/sketchpad","metadata":{},"clipPath":{"enabled":true,"style":{"strokeStyle":"black","lineWidth":1}},"exportDPI":72,"exportFormat":"png","exportQuality":0.95,"units":"px","width":1500,"height":1500,"pages":{"length":1,"data":[{"width":1500,"height":1500}]}},"resources":[{"id":10832,"type":["font"],"key":"open-sans","title":"Open Sans","value":{"italic 300":{"ttf":"https://asset.paintserver.com/54b4443404115cef4af765596ccf0ed3.ttf","woff":"https://asset.paintserver.com/ef63d6b7ecd52b58933ceab33d4ebc45.woff","style":"italic","woff2":"https://asset.paintserver.com/b64c6b71d1b13220e686cdb4a5405b78.woff2","weight":"300"},"italic 400":{"ttf":"https://asset.paintserver.com/bf243bcbf81560535385c47725f57dfe.ttf","woff":"https://asset.paintserver.com/e832417cd2119f5761e4ea2c7a4f1587.woff","style":"italic","woff2":"https://asset.paintserver.com/d4955e33747c4000180f9460f383c901.woff2","weight":"400"},"italic 600":{"ttf":"https://asset.paintserver.com/fc17ea62c914b2aaa9e89ecc519a8cb3.ttf","woff":"https://asset.paintserver.com/065b68f4d6fde45abfdf8aa26b2191de.woff","style":"italic","woff2":"https://asset.paintserver.com/101a8c0488566fa4cfff167846844c02.woff2","weight":"600"},"italic 700":{"ttf":"https://asset.paintserver.com/f40598dd8ea8593e91ab28aa48130cf1.ttf","woff":"https://asset.paintserver.com/f569a65473827e258ddaccb03186611c.woff","style":"italic","woff2":"https://asset.paintserver.com/eab33cd0cf7b99b5005ecaa761a35e25.woff2","weight":"700"},"italic 800":{"ttf":"https://asset.paintserver.com/617beb2703a6fccd227ab45754d73440.ttf","woff":"https://asset.paintserver.com/1a914741a00571b69954d915ecaff059.woff","style":"italic","woff2":"https://asset.paintserver.com/a5b961c7f33b94a6b15d07c74001de7c.woff2","weight":"800"},"normal 300":{"ttf":"https://asset.paintserver.com/9ff12f694e5951a6f51a9d63b05062e7.ttf","woff":"https://asset.paintserver.com/4314758f10fe8f7a1fe709df5c000129.woff","style":"normal","woff2":"https://asset.paintserver.com/691f774319fda1ccf9ea172ffaee815e.woff2","weight":"300"},"normal 400":{"ttf":"https://asset.paintserver.com/d7d5d4588a9f50c99264bc12e4892a7c.ttf","woff":"https://asset.paintserver.com/86f83cc557017c273dd44fa39d78a341.woff","style":"normal","woff2":"https://asset.paintserver.com/e78dce533ecee30c5efd812bb23c248d.woff2","weight":"400"},"normal 600":{"ttf":"https://asset.paintserver.com/e1c83f9474e0cc1d84a13c6d1ddf3ca5.ttf","woff":"https://asset.paintserver.com/b4f76501db86eb7c731e0437151d304f.woff","style":"normal","woff2":"https://asset.paintserver.com/e9681ca3d29d814a5621d4764dd1a11e.woff2","weight":"600"},"normal 700":{"ttf":"https://asset.paintserver.com/f5331cb6372b6c0d8baf2dd7e200498c.ttf","woff":"https://asset.paintserver.com/dd482b790e27ef56d5bb00a5d1fcdd6d.woff","style":"normal","woff2":"https://asset.paintserver.com/96f3835aa784a280a0e1e7fa64b97b60.woff2","weight":"700"},"normal 800":{"ttf":"https://asset.paintserver.com/49f89e34d03233b1f27788f75df7a40a.ttf","woff":"https://asset.paintserver.com/a466cad217882f3a29d6031a40c2588d.woff","style":"normal","woff2":"https://asset.paintserver.com/f12f942e33271945bc4689c8a40c53f0.woff2","weight":"800"}},"preview":{"italic 300":{"url":"https://asset.paintserver.com/open-sans-300italic.png","width":170,"height":80},"italic 400":{"url":"https://asset.paintserver.com/open-sans-italic.png","width":170,"height":80},"italic 600":{"url":"https://asset.paintserver.com/open-sans-600italic.png","width":170,"height":80},"italic 700":{"url":"https://asset.paintserver.com/open-sans-700italic.png","width":170,"height":80},"italic 800":{"url":"https://asset.paintserver.com/open-sans-800italic.png","width":170,"height":80},"normal 300":{"url":"https://asset.paintserver.com/open-sans-300.png","width":170,"height":80},"normal 400":{"url":"https://asset.paintserver.com/open-sans-regular.png","width":170,"height":80},"normal 600":{"url":"https://asset.paintserver.com/open-sans-600.png","width":170,"height":80},"normal 700":{"url":"https://asset.paintserver.com/open-sans-700.png","width":170,"height":80},"normal 800":{"url":"https://asset.paintserver.com/open-sans-800.png","width":170,"height":80}},"variants":["normal 300","italic 300","normal 400","italic 400","normal 600","italic 600","normal 700","italic 700","normal 800","italic 800"],"author":[{"bio":"<p>Steve is a typeface designer based in Louisville, Colorado, who manages a global team for Monotype. With over 25 years in the business, he has designed corporate faces for Android, Citrix, Microsoft, Nextel, and Xbox. Steve frequently researches and lectures about the work of typographer Frederic Goudy, and has produced revivals of Goudy’s Bertham, Friar, and Tory Text among many others. He is a letterpress printer, musician, author, and avid cyclist.</p>\n<p><a href=\"https://twitter.com/@SteveMatteson1\" target=\"_blank\">Twitter</a></p>\n","name":"Steve Matteson","email":"","filename":["OpenSans-Light.ttf","OpenSans-LightItalic.ttf","OpenSans-Regular.ttf","OpenSans-Italic.ttf","OpenSans-SemiBold.ttf","OpenSans-SemiBoldItalic.ttf","OpenSans-Bold.ttf","OpenSans-BoldItalic.ttf","OpenSans-ExtraBold.ttf","OpenSans-ExtraBoldItalic.ttf"],"imageUrl":"https://lh3.googleusercontent.com/sBRywRZboBbowOoU0atcuOZLCe4IHhCoKbLm5M_LNs-qlziJnk4Ndsrslw","copyright":"Digitized data copyright  2010-2011, Google Corporation."}],"defaultVariant":"normal 400"}],"layers":[{"name":"background","type":"rectangle","clampToDoc":true,"selectable":false,"stickTo":"back","stretchTo":"edge","fill":{"type":"color","method":"fill","blend":"normal","enabled":true,"opacity":1,"color":"#ffffff"},"bbox":{"x":0,"y":0,"width":1500,"height":1500,"rotation":0,"padding":0,"scale":{"x":1,"y":1},"units":"userSpaceOnUse"},"id":"e57d7320-da3f-4898-98ca-c037081681bd","seed":1374949181,"idx":0},{"cutout":0,"roundness":0,"blend":"source-over","type":"square","fill":{"type":"color","method":"fill","blend":"normal","enabled":true,"opacity":1,"color":"#ffb4de","gradient":{"type":"linearGradient","noise":0,"spreadMethod":"pad","stops":[{"color":"#b5bdc8","offset":0},{"color":"#6e7881","offset":0.5},{"color":"#28343b","offset":1}],"x0":0,"y0":0.5,"x1":1,"y1":0.5}},"stroke":{"type":"color","method":"stroke","blend":"normal","enabled":true,"opacity":1,"lineDash":"none","lineDashOffset":0,"lineCap":"round","lineJoin":"miter","lineWidth":2,"miterLimit":4,"alignment":"center","color":"black"},"bbox":{"x":420,"y":128,"width":50,"height":50,"rotation":0,"padding":0,"scale":{"x":10.486907203128503,"y":12.92274610624674},"units":"userSpaceOnUse"},"id":"aef362e0-ab59-4b1a-b288-f711d1784da4","seed":1288625118,"idx":1,"pointerId":"you_66077","highRes":false},{"cutout":0,"roundness":0,"blend":"source-over","type":"square","fill":{"type":"color","method":"fill","blend":"normal","enabled":true,"opacity":1,"color":"#b5d0ff","gradient":{"type":"linearGradient","noise":0,"spreadMethod":"pad","stops":[{"color":"#b5bdc8","offset":0},{"color":"#6e7881","offset":0.5},{"color":"#28343b","offset":1}],"x0":0,"y0":0.5,"x1":1,"y1":0.5}},"stroke":{"type":"color","method":"stroke","blend":"normal","enabled":true,"opacity":1,"lineDash":"none","lineDashOffset":0,"lineCap":"round","lineJoin":"miter","lineWidth":2,"miterLimit":4,"alignment":"center","color":"black"},"bbox":{"x":568,"y":229,"width":50,"height":50,"rotation":0,"padding":0,"scale":{"x":4.978314147292962,"y":6.701645663736503},"units":"userSpaceOnUse"},"id":"91c04cb9-4691-4f07-be9e-b3fdedf989dc","seed":1768690667,"idx":2,"pointerId":"you_66098","highRes":false},{"cutout":0,"roundness":0,"blend":"source-over","type":"square","fill":{"type":"color","method":"fill","blend":"normal","enabled":true,"opacity":1,"color":"#ffff49","gradient":{"type":"linearGradient","noise":0,"spreadMethod":"pad","stops":[{"color":"#b5bdc8","offset":0},{"color":"#6e7881","offset":0.5},{"color":"#28343b","offset":1}],"x0":0,"y0":0.5,"x1":1,"y1":0.5}},"stroke":{"type":"color","method":"stroke","blend":"normal","enabled":true,"opacity":1,"lineDash":"none","lineDashOffset":0,"lineCap":"round","lineJoin":"miter","lineWidth":2,"miterLimit":4,"alignment":"center","color":"black"},"bbox":{"x":453,"y":699,"width":50,"height":50,"rotation":0,"padding":0,"scale":{"x":1.0296896792726011,"y":1.0296896792726011},"units":"userSpaceOnUse"},"id":"124db4f6-548a-45b7-823e-95503fb4f1d6","seed":2105692090,"idx":3,"pointerId":"you_66117","highRes":false},{"cutout":0,"roundness":0,"blend":"source-over","type":"square","fill":{"type":"color","method":"fill","blend":"normal","enabled":true,"opacity":1,"color":"#ffff49","gradient":{"type":"linearGradient","noise":0,"spreadMethod":"pad","stops":[{"color":"#b5bdc8","offset":0},{"color":"#6e7881","offset":0.5},{"color":"#28343b","offset":1}],"x0":0,"y0":0.5,"x1":1,"y1":0.5}},"stroke":{"type":"color","method":"stroke","blend":"normal","enabled":true,"opacity":1,"lineDash":"none","lineDashOffset":0,"lineCap":"round","lineJoin":"miter","lineWidth":2,"miterLimit":4,"alignment":"center","color":"black"},"bbox":{"x":613,"y":590,"width":50,"height":50,"rotation":0,"padding":0,"scale":{"x":3.0637452693743046,"y":1.4644843141688422},"units":"userSpaceOnUse"},"id":"f464b6b7-0efd-494c-909e-32627b5aedc0","seed":642902315,"idx":4,"pointerId":"you_66119","highRes":false},{"cutout":0,"roundness":0,"bbox":{"x":873,"y":699,"width":50,"height":50,"rotation":0,"padding":0,"scale":{"x":1.0296896792726011,"y":1.0296896792726011},"units":"userSpaceOnUse"},"id":"5de7135d-3235-4bbf-980a-61221f2d6e8a","idx":5,"pointerId":"you_66117","seed":2105692090,"type":"square","fill":{"type":"color","method":"fill","blend":"normal","enabled":true,"opacity":1,"color":"#ffff49"},"stroke":{"type":"color","method":"stroke","blend":"normal","enabled":true,"opacity":1,"lineDash":"none","lineDashOffset":0,"lineCap":"round","lineJoin":"miter","lineWidth":2,"miterLimit":4,"alignment":"center","color":"#000000"},"highRes":false},{"cutout":0,"roundness":0,"blend":"source-over","type":"square","fill":{"type":"color","method":"fill","blend":"normal","enabled":true,"opacity":1,"color":"#ffac79"},"stroke":{"type":"color","method":"stroke","blend":"normal","enabled":true,"opacity":1,"lineDash":"none","lineDashOffset":0,"lineCap":"round","lineJoin":"miter","lineWidth":2,"miterLimit":4,"alignment":"center","color":"#000000"},"bbox":{"x":808.6338104545159,"y":141,"width":50,"height":50,"rotation":0,"padding":0,"scale":{"x":2.0566488288900664,"y":0.7424542268874172},"units":"userSpaceOnUse"},"id":"eae74770-2ecd-4a6d-a317-eb951da927cb","seed":521623658,"idx":6,"pointerId":"you_66152","highRes":false},{"content":"START","fitText":true,"fontFamily":"open-sans","fontSize":43.875,"fontStyle":"normal","fontVariant":"normal","fontWeight":"normal","letterSpacing":0,"lineHeight":1,"textAlign":"center","textDecoration":"none","textTransform":"none","whiteSpace":"pre-wrap","wordSpacing":0,"blend":"normal","type":"fancyText","fill":{"type":"color","method":"fill","blend":"normal","enabled":true,"opacity":1,"color":"#000000"},"stroke":{"type":"color","method":"stroke","blend":"normal","enabled":false,"opacity":1,"lineDash":"none","lineDashOffset":0,"lineCap":"round","lineJoin":"miter","lineWidth":1,"miterLimit":4,"alignment":"center","color":"#ff0000"},"bbox":{"x":615.8673451743365,"y":612,"width":147.83396107209586,"height":51.18512867558657,"rotation":0,"padding":0,"scale":{"x":1,"y":1},"units":"userSpaceOnUse"},"id":"16be7270-e2fa-4431-a812-3e6f1da12c22","seed":1311043707,"idx":7,"pointerId":"you_66063","highRes":false,"name":"Fancy Text"},{"content":"Start Scene","fitText":true,"fontFamily":"open-sans","fontSize":42,"fontStyle":"normal","fontVariant":"normal","fontWeight":"normal","letterSpacing":0,"lineHeight":1,"textAlign":"center","textDecoration":"none","textTransform":"none","whiteSpace":"pre-wrap","wordSpacing":0,"bbox":{"x":578,"y":82,"width":222.87251645814217,"height":55.98086328756023,"rotation":0,"padding":0,"scale":{"x":1,"y":1},"units":"userSpaceOnUse"},"blend":"normal","id":"9b088e80-157d-48d8-b467-bedabd8ec8fb","idx":8,"pointerId":"you_66063","seed":1311043707,"type":"fancyText","fill":{"type":"color","method":"fill","blend":"normal","enabled":true,"opacity":1,"color":"#000000"},"name":"Fancy Text","highRes":false},{"content":"SHOP","fitText":true,"fontFamily":"open-sans","fontSize":29.875,"fontStyle":"normal","fontVariant":"normal","fontWeight":"normal","letterSpacing":0,"lineHeight":1,"textAlign":"center","textDecoration":"none","textTransform":"none","whiteSpace":"pre-wrap","wordSpacing":0,"bbox":{"x":437,"y":663,"width":82.56147402589629,"height":51.18512867558657,"rotation":0,"padding":0,"scale":{"x":1,"y":1},"units":"userSpaceOnUse"},"blend":"normal","id":"0185e3ce-012d-4941-a0cd-0a60089abc98","idx":9,"name":"Fancy Text","pointerId":"you_66063","seed":1311043707,"type":"fancyText","fill":{"type":"color","method":"fill","blend":"normal","enabled":true,"opacity":1,"color":"#000000"},"highRes":false},{"content":"Setting","fitText":true,"fontFamily":"open-sans","fontSize":24.875,"fontStyle":"normal","fontVariant":"normal","fontWeight":"normal","letterSpacing":0,"lineHeight":1,"textAlign":"center","textDecoration":"none","textTransform":"none","whiteSpace":"pre-wrap","wordSpacing":0,"bbox":{"x":862,"y":663,"width":82.56147402589629,"height":51.18512867558657,"rotation":0,"padding":0,"scale":{"x":1,"y":1},"units":"userSpaceOnUse"},"blend":"normal","id":"faaac12b-d0d5-4851-8b32-d422b13581fd","idx":10,"name":"Fancy Text","pointerId":"you_66063","seed":1311043707,"type":"fancyText","fill":{"type":"color","method":"fill","blend":"normal","enabled":true,"opacity":1,"color":"#000000"},"highRes":false},{"content":"Money","fitText":true,"fontFamily":"open-sans","fontSize":25,"fontStyle":"normal","fontVariant":"normal","fontWeight":"normal","letterSpacing":0,"lineHeight":1,"textAlign":"center","textDecoration":"none","textTransform":"none","whiteSpace":"pre-wrap","wordSpacing":0,"bbox":{"x":816,"y":141,"width":82.56147402589629,"height":51.18512867558657,"rotation":0,"padding":0,"scale":{"x":1,"y":1},"units":"userSpaceOnUse"},"blend":"normal","id":"fb8681e8-239e-4570-bd62-ca4848cf682a","idx":11,"name":"Fancy Text","pointerId":"you_66063","seed":1311043707,"type":"fancyText","fill":{"type":"color","method":"fill","blend":"normal","enabled":true,"opacity":1,"color":"#000000"},"highRes":false}]}