{"version":"5.1.316","config":{"title":"fe036cce-720a-4e8e-8893-a8d847440522","description":"Made with Sketchpad - https://sketch.io/sketchpad","metadata":{},"clipPath":{"enabled":true,"style":{"strokeStyle":"black","lineWidth":1}},"exportDPI":72,"exportFormat":"png","exportQuality":0.95,"units":"px","width":1500,"height":1500,"pages":{"length":1,"data":[{"width":1500,"height":1500}]}},"resources":[{"id":10832,"type":["font"],"key":"open-sans","title":"Open Sans","value":{"italic 300":{"ttf":"https://asset.paintserver.com/54b4443404115cef4af765596ccf0ed3.ttf","woff":"https://asset.paintserver.com/ef63d6b7ecd52b58933ceab33d4ebc45.woff","style":"italic","woff2":"https://asset.paintserver.com/b64c6b71d1b13220e686cdb4a5405b78.woff2","weight":"300"},"italic 400":{"ttf":"https://asset.paintserver.com/bf243bcbf81560535385c47725f57dfe.ttf","woff":"https://asset.paintserver.com/e832417cd2119f5761e4ea2c7a4f1587.woff","style":"italic","woff2":"https://asset.paintserver.com/d4955e33747c4000180f9460f383c901.woff2","weight":"400"},"italic 600":{"ttf":"https://asset.paintserver.com/fc17ea62c914b2aaa9e89ecc519a8cb3.ttf","woff":"https://asset.paintserver.com/065b68f4d6fde45abfdf8aa26b2191de.woff","style":"italic","woff2":"https://asset.paintserver.com/101a8c0488566fa4cfff167846844c02.woff2","weight":"600"},"italic 700":{"ttf":"https://asset.paintserver.com/f40598dd8ea8593e91ab28aa48130cf1.ttf","woff":"https://asset.paintserver.com/f569a65473827e258ddaccb03186611c.woff","style":"italic","woff2":"https://asset.paintserver.com/eab33cd0cf7b99b5005ecaa761a35e25.woff2","weight":"700"},"italic 800":{"ttf":"https://asset.paintserver.com/617beb2703a6fccd227ab45754d73440.ttf","woff":"https://asset.paintserver.com/1a914741a00571b69954d915ecaff059.woff","style":"italic","woff2":"https://asset.paintserver.com/a5b961c7f33b94a6b15d07c74001de7c.woff2","weight":"800"},"normal 300":{"ttf":"https://asset.paintserver.com/9ff12f694e5951a6f51a9d63b05062e7.ttf","woff":"https://asset.paintserver.com/4314758f10fe8f7a1fe709df5c000129.woff","style":"normal","woff2":"https://asset.paintserver.com/691f774319fda1ccf9ea172ffaee815e.woff2","weight":"300"},"normal 400":{"ttf":"https://asset.paintserver.com/d7d5d4588a9f50c99264bc12e4892a7c.ttf","woff":"https://asset.paintserver.com/86f83cc557017c273dd44fa39d78a341.woff","style":"normal","woff2":"https://asset.paintserver.com/e78dce533ecee30c5efd812bb23c248d.woff2","weight":"400"},"normal 600":{"ttf":"https://asset.paintserver.com/e1c83f9474e0cc1d84a13c6d1ddf3ca5.ttf","woff":"https://asset.paintserver.com/b4f76501db86eb7c731e0437151d304f.woff","style":"normal","woff2":"https://asset.paintserver.com/e9681ca3d29d814a5621d4764dd1a11e.woff2","weight":"600"},"normal 700":{"ttf":"https://asset.paintserver.com/f5331cb6372b6c0d8baf2dd7e200498c.ttf","woff":"https://asset.paintserver.com/dd482b790e27ef56d5bb00a5d1fcdd6d.woff","style":"normal","woff2":"https://asset.paintserver.com/96f3835aa784a280a0e1e7fa64b97b60.woff2","weight":"700"},"normal 800":{"ttf":"https://asset.paintserver.com/49f89e34d03233b1f27788f75df7a40a.ttf","woff":"https://asset.paintserver.com/a466cad217882f3a29d6031a40c2588d.woff","style":"normal","woff2":"https://asset.paintserver.com/f12f942e33271945bc4689c8a40c53f0.woff2","weight":"800"}},"preview":{"italic 300":{"url":"https://asset.paintserver.com/open-sans-300italic.png","width":170,"height":80},"italic 400":{"url":"https://asset.paintserver.com/open-sans-italic.png","width":170,"height":80},"italic 600":{"url":"https://asset.paintserver.com/open-sans-600italic.png","width":170,"height":80},"italic 700":{"url":"https://asset.paintserver.com/open-sans-700italic.png","width":170,"height":80},"italic 800":{"url":"https://asset.paintserver.com/open-sans-800italic.png","width":170,"height":80},"normal 300":{"url":"https://asset.paintserver.com/open-sans-300.png","width":170,"height":80},"normal 400":{"url":"https://asset.paintserver.com/open-sans-regular.png","width":170,"height":80},"normal 600":{"url":"https://asset.paintserver.com/open-sans-600.png","width":170,"height":80},"normal 700":{"url":"https://asset.paintserver.com/open-sans-700.png","width":170,"height":80},"normal 800":{"url":"https://asset.paintserver.com/open-sans-800.png","width":170,"height":80}},"variants":["normal 300","italic 300","normal 400","italic 400","normal 600","italic 600","normal 700","italic 700","normal 800","italic 800"],"author":[{"bio":"<p>Steve is a typeface designer based in Louisville, Colorado, who manages a global team for Monotype. With over 25 years in the business, he has designed corporate faces for Android, Citrix, Microsoft, Nextel, and Xbox. Steve frequently researches and lectures about the work of typographer Frederic Goudy, and has produced revivals of Goudy’s Bertham, Friar, and Tory Text among many others. He is a letterpress printer, musician, author, and avid cyclist.</p>\n<p><a href=\"https://twitter.com/@SteveMatteson1\" target=\"_blank\">Twitter</a></p>\n","name":"Steve Matteson","email":"","filename":["OpenSans-Light.ttf","OpenSans-LightItalic.ttf","OpenSans-Regular.ttf","OpenSans-Italic.ttf","OpenSans-SemiBold.ttf","OpenSans-SemiBoldItalic.ttf","OpenSans-Bold.ttf","OpenSans-BoldItalic.ttf","OpenSans-ExtraBold.ttf","OpenSans-ExtraBoldItalic.ttf"],"imageUrl":"https://lh3.googleusercontent.com/sBRywRZboBbowOoU0atcuOZLCe4IHhCoKbLm5M_LNs-qlziJnk4Ndsrslw","copyright":"Digitized data copyright  2010-2011, Google Corporation."}],"defaultVariant":"normal 400"}],"layers":[{"name":"background","type":"rectangle","clampToDoc":true,"selectable":false,"stickTo":"back","stretchTo":"edge","fill":{"type":"color","method":"fill","blend":"normal","enabled":true,"opacity":1,"color":"#ffffff"},"bbox":{"x":0,"y":0,"width":1500,"height":1500,"rotation":0,"padding":0,"scale":{"x":1,"y":1},"units":"userSpaceOnUse"},"id":"7df6b626-2d3b-40d4-af0f-fd60b59c91a6","seed":348421284,"idx":0},{"cutout":0,"roundness":0,"bbox":{"x":440,"y":147,"width":50,"height":50,"rotation":0,"padding":0,"scale":{"x":10.486907203128503,"y":12.92274610624674},"units":"userSpaceOnUse"},"id":"aef362e0-ab59-4b1a-b288-f711d1784da4","idx":1,"pointerId":"you_66077","seed":1288625118,"type":"square","fill":{"type":"color","method":"fill","blend":"normal","enabled":true,"opacity":1,"color":"#ffb4de"},"stroke":{"type":"color","method":"stroke","blend":"normal","enabled":true,"opacity":1,"lineDash":"none","lineDashOffset":0,"lineCap":"round","lineJoin":"miter","lineWidth":2,"miterLimit":4,"alignment":"center","color":"#000000"},"highRes":false},{"cutout":0,"roundness":0,"bbox":{"x":723,"y":248,"width":50,"height":50,"rotation":0,"padding":0,"scale":{"x":4.429602383653856,"y":8.27851708674449},"units":"userSpaceOnUse"},"id":"91c04cb9-4691-4f07-be9e-b3fdedf989dc","idx":2,"pointerId":"you_66098","seed":1768690667,"type":"square","fill":{"type":"color","method":"fill","blend":"normal","enabled":true,"opacity":1,"color":"#b5d0ff"},"stroke":{"type":"color","method":"stroke","blend":"normal","enabled":true,"opacity":1,"lineDash":"none","lineDashOffset":0,"lineCap":"round","lineJoin":"miter","lineWidth":2,"miterLimit":4,"alignment":"center","color":"#000000"},"highRes":false},{"cutout":0,"roundness":0,"bbox":{"x":893,"y":719,"width":50,"height":50,"rotation":0,"padding":0,"scale":{"x":1.0296896792726011,"y":1.0296896792726011},"units":"userSpaceOnUse"},"id":"5de7135d-3235-4bbf-980a-61221f2d6e8a","idx":3,"pointerId":"you_66117","seed":2105692090,"type":"square","fill":{"type":"color","method":"fill","blend":"normal","enabled":true,"opacity":1,"color":"#ffff49"},"stroke":{"type":"color","method":"stroke","blend":"normal","enabled":true,"opacity":1,"lineDash":"none","lineDashOffset":0,"lineCap":"round","lineJoin":"miter","lineWidth":2,"miterLimit":4,"alignment":"center","color":"#000000"}},{"cutout":0,"roundness":0,"bbox":{"x":828.6338104545159,"y":161,"width":50,"height":50,"rotation":0,"padding":0,"scale":{"x":2.0566488288900664,"y":0.7424542268874172},"units":"userSpaceOnUse"},"id":"eae74770-2ecd-4a6d-a317-eb951da927cb","idx":4,"pointerId":"you_66152","seed":521623658,"type":"square","fill":{"type":"color","method":"fill","blend":"normal","enabled":true,"opacity":1,"color":"#ffac79"},"stroke":{"type":"color","method":"stroke","blend":"normal","enabled":true,"opacity":1,"lineDash":"none","lineDashOffset":0,"lineCap":"round","lineJoin":"miter","lineWidth":2,"miterLimit":4,"alignment":"center","color":"#000000"}},{"content":"Shop scene","fitText":true,"fontFamily":"open-sans","fontSize":41,"fontStyle":"normal","fontVariant":"normal","fontWeight":"normal","letterSpacing":0,"lineHeight":1,"textAlign":"center","textDecoration":"none","textTransform":"none","whiteSpace":"pre-wrap","wordSpacing":0,"bbox":{"x":598,"y":102,"width":222.87251645814217,"height":55.98086328756023,"rotation":0,"padding":0,"scale":{"x":1,"y":1},"units":"userSpaceOnUse"},"blend":"normal","id":"9b088e80-157d-48d8-b467-bedabd8ec8fb","idx":5,"name":"Fancy Text","pointerId":"you_66063","seed":1311043707,"type":"fancyText","fill":{"type":"color","method":"fill","blend":"normal","enabled":true,"opacity":1,"color":"#000000"},"highRes":false},{"content":"Back","fitText":true,"fontFamily":"open-sans","fontSize":23.875,"fontStyle":"normal","fontVariant":"normal","fontWeight":"normal","letterSpacing":0,"lineHeight":1,"textAlign":"center","textDecoration":"none","textTransform":"none","whiteSpace":"pre-wrap","wordSpacing":0,"bbox":{"x":882,"y":683,"width":72.09126056257392,"height":27.447087861483492,"rotation":0,"padding":0,"scale":{"x":1,"y":1},"units":"userSpaceOnUse"},"blend":"normal","id":"faaac12b-d0d5-4851-8b32-d422b13581fd","idx":6,"name":"Fancy Text","pointerId":"you_66063","seed":1311043707,"type":"fancyText","fill":{"type":"color","method":"fill","blend":"normal","enabled":true,"opacity":1,"color":"#000000"},"highRes":false},{"content":"Money","fitText":true,"fontFamily":"open-sans","fontSize":25,"fontStyle":"normal","fontVariant":"normal","fontWeight":"normal","letterSpacing":0,"lineHeight":1,"textAlign":"center","textDecoration":"none","textTransform":"none","whiteSpace":"pre-wrap","wordSpacing":0,"bbox":{"x":836,"y":161,"width":82.56147402589629,"height":51.18512867558657,"rotation":0,"padding":0,"scale":{"x":1,"y":1},"units":"userSpaceOnUse"},"blend":"normal","id":"fb8681e8-239e-4570-bd62-ca4848cf682a","idx":7,"name":"Fancy Text","pointerId":"you_66063","seed":1311043707,"type":"fancyText","fill":{"type":"color","method":"fill","blend":"normal","enabled":true,"opacity":1,"color":"#000000"}},{"cutout":0,"roundness":0,"blend":"source-over","type":"square","fill":{"type":"color","method":"fill","blend":"normal","enabled":true,"opacity":1,"color":"#ffce2f"},"stroke":{"type":"color","method":"stroke","blend":"normal","enabled":true,"opacity":1,"lineDash":"none","lineDashOffset":0,"lineCap":"round","lineJoin":"miter","lineWidth":2,"miterLimit":4,"alignment":"center","color":"#000000"},"bbox":{"x":843,"y":295,"width":50,"height":50,"rotation":0,"padding":0,"scale":{"x":1.5048557203476265,"y":1.5048557203476265},"units":"userSpaceOnUse"},"id":"bce7028a-2c73-40fd-8afc-81afffea9f9b","seed":164312742,"idx":8,"pointerId":"you_66443","highRes":false},{"cutout":0,"roundness":0,"blend":"source-over","type":"square","fill":{"type":"color","method":"fill","blend":"normal","enabled":true,"opacity":1,"color":"#ffce2f"},"stroke":{"type":"color","method":"stroke","blend":"normal","enabled":true,"opacity":1,"lineDash":"none","lineDashOffset":0,"lineCap":"round","lineJoin":"miter","lineWidth":2,"miterLimit":4,"alignment":"center","color":"#000000"},"bbox":{"x":755,"y":494,"width":50,"height":50,"rotation":0,"padding":0,"scale":{"x":1.3976145681380545,"y":1.3976145681380545},"units":"userSpaceOnUse"},"id":"14e55b26-6557-4f13-b682-8cd2aabe2ef2","seed":1938500402,"idx":9,"pointerId":"you_66444","highRes":false},{"cutout":0,"roundness":0,"blend":"source-over","type":"square","fill":{"type":"color","method":"fill","blend":"normal","enabled":true,"opacity":1,"color":"#ffce2f"},"stroke":{"type":"color","method":"stroke","blend":"normal","enabled":true,"opacity":1,"lineDash":"none","lineDashOffset":0,"lineCap":"round","lineJoin":"miter","lineWidth":2,"miterLimit":4,"alignment":"center","color":"#000000"},"bbox":{"x":849,"y":495,"width":50,"height":50,"rotation":0,"padding":0,"scale":{"x":1.3584529975082178,"y":1.3584529975082178},"units":"userSpaceOnUse"},"id":"59ac1a55-62c8-4fab-bacf-180939f97a8a","seed":1504009283,"idx":10,"pointerId":"you_66445","highRes":false},{"cutout":0,"roundness":0,"blend":"source-over","type":"square","fill":{"type":"color","method":"fill","blend":"normal","enabled":true,"opacity":1,"color":"#ffce2f"},"stroke":{"type":"color","method":"stroke","blend":"normal","enabled":true,"opacity":1,"lineDash":"none","lineDashOffset":0,"lineCap":"round","lineJoin":"miter","lineWidth":2,"miterLimit":4,"alignment":"center","color":"#000000"},"bbox":{"x":825,"y":370,"width":50,"height":50,"rotation":-3.141592653589793,"padding":0,"scale":{"x":1.493041948161688,"y":1.493041948161688},"units":"userSpaceOnUse"},"id":"83fd8c0e-6422-459d-8c09-80624d76663a","seed":550088896,"idx":11,"pointerId":"you_66446","highRes":false},{"cutout":0,"roundness":0,"blend":"source-over","type":"square","fill":{"type":"color","method":"fill","blend":"normal","enabled":true,"opacity":1,"color":"#ffce2f"},"stroke":{"type":"color","method":"stroke","blend":"normal","enabled":true,"opacity":1,"lineDash":"none","lineDashOffset":0,"lineCap":"round","lineJoin":"miter","lineWidth":2,"miterLimit":4,"alignment":"center","color":"#000000"},"bbox":{"x":849,"y":396,"width":50,"height":50,"rotation":0,"padding":0,"scale":{"x":1.3244926808521655,"y":1.3244926808521655},"units":"userSpaceOnUse"},"id":"d1af3df6-5942-453f-afa8-feb62974c0fd","seed":750461336,"idx":12,"pointerId":"you_66447","highRes":false},{"cutout":0,"roundness":0,"blend":"source-over","type":"square","fill":{"type":"color","method":"fill","blend":"normal","enabled":true,"opacity":1,"color":"#ffce2f"},"stroke":{"type":"color","method":"stroke","blend":"normal","enabled":true,"opacity":1,"lineDash":"none","lineDashOffset":0,"lineCap":"round","lineJoin":"miter","lineWidth":2,"miterLimit":4,"alignment":"center","color":"#000000"},"bbox":{"x":752,"y":396,"width":50,"height":50,"rotation":0,"padding":0,"scale":{"x":1.4129162249648641,"y":1.4129162249648641},"units":"userSpaceOnUse"},"id":"b88ed430-2652-41ae-9cde-f3a2938f1695","seed":889114303,"idx":13,"pointerId":"you_66448","highRes":false},{"cutout":0,"roundness":0,"blend":"source-over","type":"square","fill":{"type":"color","method":"fill","blend":"normal","enabled":true,"opacity":1,"color":"#63e1ff"},"stroke":{"type":"color","method":"stroke","blend":"normal","enabled":true,"opacity":1,"lineDash":"none","lineDashOffset":0,"lineCap":"round","lineJoin":"miter","lineWidth":2,"miterLimit":4,"alignment":"center","color":"#000000"},"bbox":{"x":487,"y":269,"width":50,"height":50,"rotation":0,"padding":0,"scale":{"x":4.037181781510239,"y":4.037181781510239},"units":"userSpaceOnUse"},"id":"869dab3e-dca8-4a3b-b44c-9cc57cbc20fc","seed":545919610,"idx":14,"pointerId":"you_66512","highRes":false},{"cutout":0,"roundness":0,"blend":"source-over","type":"square","fill":{"type":"color","method":"fill","blend":"normal","enabled":true,"opacity":1,"color":"#ffd1b4"},"stroke":{"type":"color","method":"stroke","blend":"normal","enabled":true,"opacity":1,"lineDash":"none","lineDashOffset":0,"lineCap":"round","lineJoin":"miter","lineWidth":2,"miterLimit":4,"alignment":"center","color":"#000000"},"bbox":{"x":490,"y":482,"width":50,"height":50,"rotation":0,"padding":0,"scale":{"x":3.9844020819805683,"y":2.6497054387759835},"units":"userSpaceOnUse"},"id":"c55eb4b7-0952-4c0b-ab84-5eb515554751","seed":1100258260,"idx":15,"pointerId":"you_66530","highRes":false},{"content":"Nhân vật phóng to","fitText":true,"fontFamily":"open-sans","fontSize":40.875,"fontStyle":"normal","fontVariant":"normal","fontWeight":"normal","letterSpacing":0,"lineHeight":1,"textAlign":"center","textDecoration":"none","textTransform":"none","whiteSpace":"pre-wrap","wordSpacing":0,"blend":"normal","type":"fancyText","fill":{"type":"color","method":"fill","blend":"normal","enabled":true,"opacity":1,"color":"#000000"},"stroke":{"type":"color","method":"stroke","blend":"normal","enabled":false,"opacity":1,"lineDash":"none","lineDashOffset":0,"lineCap":"round","lineJoin":"miter","lineWidth":1,"miterLimit":4,"alignment":"center","color":"#ff0000"},"bbox":{"x":501,"y":319,"width":174.78703791284266,"height":102.9118815372587,"rotation":0,"padding":0,"scale":{"x":1,"y":1},"units":"userSpaceOnUse"},"id":"f4de6425-d3c7-4b80-a8da-b1f77458eec4","seed":1767059130,"idx":16,"pointerId":"you_66545","highRes":false},{"content":"Thông tin ","fitText":true,"fontFamily":"open-sans","fontSize":28,"fontStyle":"normal","fontVariant":"normal","fontWeight":"normal","letterSpacing":0,"lineHeight":1,"textAlign":"center","textDecoration":"none","textTransform":"none","whiteSpace":"pre-wrap","wordSpacing":0,"bbox":{"x":527,"y":512,"width":125.9722844215798,"height":54.84262718660685,"rotation":0,"padding":0,"scale":{"x":1,"y":1},"units":"userSpaceOnUse"},"blend":"normal","id":"85f1a12c-ff01-472e-9109-80f7caedc527","idx":17,"pointerId":"you_66545","seed":1767059130,"type":"fancyText","fill":{"type":"color","method":"fill","blend":"normal","enabled":true,"opacity":1,"color":"#000000"},"highRes":false},{"content":"Skins","fitText":true,"fontFamily":"open-sans","fontSize":25,"fontStyle":"normal","fontVariant":"normal","fontWeight":"normal","letterSpacing":0,"lineHeight":1,"textAlign":"center","textDecoration":"none","textTransform":"none","whiteSpace":"pre-wrap","wordSpacing":0,"bbox":{"x":773,"y":259,"width":125.9722844215798,"height":28.346716817530694,"rotation":0,"padding":0,"scale":{"x":1,"y":1},"units":"userSpaceOnUse"},"blend":"normal","id":"cd0d3c4d-e6f6-4fe6-9dff-266edd3086d5","idx":18,"pointerId":"you_66545","seed":1767059130,"type":"fancyText","fill":{"type":"color","method":"fill","blend":"normal","enabled":true,"opacity":1,"color":"#000000"},"highRes":false},{"content":"Giá","fitText":true,"fontFamily":"open-sans","fontSize":18,"fontStyle":"normal","fontVariant":"normal","fontWeight":"normal","letterSpacing":0,"lineHeight":1,"textAlign":"center","textDecoration":"none","textTransform":"none","whiteSpace":"pre-wrap","wordSpacing":0,"bbox":{"x":729,"y":370,"width":116.73426951550219,"height":20.18939448287859,"rotation":0,"padding":0,"scale":{"x":1,"y":1},"units":"userSpaceOnUse"},"blend":"normal","id":"b1c43c82-8f8a-4792-b876-39c763b3f272","idx":19,"pointerId":"you_66545","seed":1767059130,"type":"fancyText","fill":{"type":"color","method":"fill","blend":"normal","enabled":true,"opacity":1,"color":"#000000"},"highRes":false},{"content":"Giá","fitText":true,"fontFamily":"open-sans","fontSize":18,"fontStyle":"normal","fontVariant":"normal","fontWeight":"normal","letterSpacing":0,"lineHeight":1,"textAlign":"center","textDecoration":"none","textTransform":"none","whiteSpace":"pre-wrap","wordSpacing":0,"bbox":{"x":819,"y":370,"width":116.73426951550219,"height":20.18939448287859,"rotation":0,"padding":0,"scale":{"x":1,"y":1},"units":"userSpaceOnUse"},"blend":"normal","id":"6453eaf6-e0b8-499c-9205-d5991029b232","idx":20,"pointerId":"you_66545","seed":1767059130,"type":"fancyText","fill":{"type":"color","method":"fill","blend":"normal","enabled":true,"opacity":1,"color":"#000000"},"highRes":false},{"content":"Giá","fitText":true,"fontFamily":"open-sans","fontSize":18,"fontStyle":"normal","fontVariant":"normal","fontWeight":"normal","letterSpacing":0,"lineHeight":1,"textAlign":"center","textDecoration":"none","textTransform":"none","whiteSpace":"pre-wrap","wordSpacing":0,"bbox":{"x":732,"y":467,"width":116.73426951550219,"height":20.18939448287859,"rotation":0,"padding":0,"scale":{"x":1,"y":1},"units":"userSpaceOnUse"},"blend":"normal","id":"eef842c2-ccbe-443a-a88c-2a80ce2065b1","idx":21,"pointerId":"you_66545","seed":1767059130,"type":"fancyText","fill":{"type":"color","method":"fill","blend":"normal","enabled":true,"opacity":1,"color":"#000000"},"highRes":false},{"content":"Giá","fitText":true,"fontFamily":"open-sans","fontSize":18,"fontStyle":"normal","fontVariant":"normal","fontWeight":"normal","letterSpacing":0,"lineHeight":1,"textAlign":"center","textDecoration":"none","textTransform":"none","whiteSpace":"pre-wrap","wordSpacing":0,"bbox":{"x":823,"y":467,"width":116.73426951550219,"height":20.18939448287859,"rotation":0,"padding":0,"scale":{"x":1,"y":1},"units":"userSpaceOnUse"},"blend":"normal","id":"98a16641-855c-43a8-91e1-32dfed76d65a","idx":22,"pointerId":"you_66545","seed":1767059130,"type":"fancyText","fill":{"type":"color","method":"fill","blend":"normal","enabled":true,"opacity":1,"color":"#000000"},"highRes":false},{"content":"Giá","fitText":true,"fontFamily":"open-sans","fontSize":18,"fontStyle":"normal","fontVariant":"normal","fontWeight":"normal","letterSpacing":0,"lineHeight":1,"textAlign":"center","textDecoration":"none","textTransform":"none","whiteSpace":"pre-wrap","wordSpacing":0,"bbox":{"x":732,"y":571,"width":116.73426951550219,"height":20.18939448287859,"rotation":0,"padding":0,"scale":{"x":1,"y":1},"units":"userSpaceOnUse"},"blend":"normal","id":"cb99f472-e77c-414b-95b0-a4031dc60a6a","idx":23,"pointerId":"you_66545","seed":1767059130,"type":"fancyText","fill":{"type":"color","method":"fill","blend":"normal","enabled":true,"opacity":1,"color":"#000000"},"highRes":false},{"content":"Giá","fitText":true,"fontFamily":"open-sans","fontSize":18,"fontStyle":"normal","fontVariant":"normal","fontWeight":"normal","letterSpacing":0,"lineHeight":1,"textAlign":"center","textDecoration":"none","textTransform":"none","whiteSpace":"pre-wrap","wordSpacing":0,"bbox":{"x":822,"y":571,"width":116.73426951550219,"height":20.18939448287859,"rotation":0,"padding":0,"scale":{"x":1,"y":1},"units":"userSpaceOnUse"},"blend":"normal","id":"3e393d73-a53b-48c5-826e-4d3ddeeca5ef","idx":24,"pointerId":"you_66545","seed":1767059130,"type":"fancyText","fill":{"type":"color","method":"fill","blend":"normal","enabled":true,"opacity":1,"color":"#000000"},"highRes":false}]}