{"version":"5.1.316","config":{"title":"fe036cce-720a-4e8e-8893-a8d847440522","description":"Made with Sketchpad - https://sketch.io/sketchpad","metadata":{},"clipPath":{"enabled":true,"style":{"strokeStyle":"black","lineWidth":1}},"exportDPI":72,"exportFormat":"png","exportQuality":0.95,"units":"px","width":1500,"height":1500,"pages":{"length":1,"data":[{"width":1500,"height":1500}]}},"resources":[{"id":10832,"type":["font"],"key":"open-sans","title":"Open Sans","value":{"italic 300":{"ttf":"https://asset.paintserver.com/54b4443404115cef4af765596ccf0ed3.ttf","woff":"https://asset.paintserver.com/ef63d6b7ecd52b58933ceab33d4ebc45.woff","style":"italic","woff2":"https://asset.paintserver.com/b64c6b71d1b13220e686cdb4a5405b78.woff2","weight":"300"},"italic 400":{"ttf":"https://asset.paintserver.com/bf243bcbf81560535385c47725f57dfe.ttf","woff":"https://asset.paintserver.com/e832417cd2119f5761e4ea2c7a4f1587.woff","style":"italic","woff2":"https://asset.paintserver.com/d4955e33747c4000180f9460f383c901.woff2","weight":"400"},"italic 600":{"ttf":"https://asset.paintserver.com/fc17ea62c914b2aaa9e89ecc519a8cb3.ttf","woff":"https://asset.paintserver.com/065b68f4d6fde45abfdf8aa26b2191de.woff","style":"italic","woff2":"https://asset.paintserver.com/101a8c0488566fa4cfff167846844c02.woff2","weight":"600"},"italic 700":{"ttf":"https://asset.paintserver.com/f40598dd8ea8593e91ab28aa48130cf1.ttf","woff":"https://asset.paintserver.com/f569a65473827e258ddaccb03186611c.woff","style":"italic","woff2":"https://asset.paintserver.com/eab33cd0cf7b99b5005ecaa761a35e25.woff2","weight":"700"},"italic 800":{"ttf":"https://asset.paintserver.com/617beb2703a6fccd227ab45754d73440.ttf","woff":"https://asset.paintserver.com/1a914741a00571b69954d915ecaff059.woff","style":"italic","woff2":"https://asset.paintserver.com/a5b961c7f33b94a6b15d07c74001de7c.woff2","weight":"800"},"normal 300":{"ttf":"https://asset.paintserver.com/9ff12f694e5951a6f51a9d63b05062e7.ttf","woff":"https://asset.paintserver.com/4314758f10fe8f7a1fe709df5c000129.woff","style":"normal","woff2":"https://asset.paintserver.com/691f774319fda1ccf9ea172ffaee815e.woff2","weight":"300"},"normal 400":{"ttf":"https://asset.paintserver.com/d7d5d4588a9f50c99264bc12e4892a7c.ttf","woff":"https://asset.paintserver.com/86f83cc557017c273dd44fa39d78a341.woff","style":"normal","woff2":"https://asset.paintserver.com/e78dce533ecee30c5efd812bb23c248d.woff2","weight":"400"},"normal 600":{"ttf":"https://asset.paintserver.com/e1c83f9474e0cc1d84a13c6d1ddf3ca5.ttf","woff":"https://asset.paintserver.com/b4f76501db86eb7c731e0437151d304f.woff","style":"normal","woff2":"https://asset.paintserver.com/e9681ca3d29d814a5621d4764dd1a11e.woff2","weight":"600"},"normal 700":{"ttf":"https://asset.paintserver.com/f5331cb6372b6c0d8baf2dd7e200498c.ttf","woff":"https://asset.paintserver.com/dd482b790e27ef56d5bb00a5d1fcdd6d.woff","style":"normal","woff2":"https://asset.paintserver.com/96f3835aa784a280a0e1e7fa64b97b60.woff2","weight":"700"},"normal 800":{"ttf":"https://asset.paintserver.com/49f89e34d03233b1f27788f75df7a40a.ttf","woff":"https://asset.paintserver.com/a466cad217882f3a29d6031a40c2588d.woff","style":"normal","woff2":"https://asset.paintserver.com/f12f942e33271945bc4689c8a40c53f0.woff2","weight":"800"}},"preview":{"italic 300":{"url":"https://asset.paintserver.com/open-sans-300italic.png","width":170,"height":80},"italic 400":{"url":"https://asset.paintserver.com/open-sans-italic.png","width":170,"height":80},"italic 600":{"url":"https://asset.paintserver.com/open-sans-600italic.png","width":170,"height":80},"italic 700":{"url":"https://asset.paintserver.com/open-sans-700italic.png","width":170,"height":80},"italic 800":{"url":"https://asset.paintserver.com/open-sans-800italic.png","width":170,"height":80},"normal 300":{"url":"https://asset.paintserver.com/open-sans-300.png","width":170,"height":80},"normal 400":{"url":"https://asset.paintserver.com/open-sans-regular.png","width":170,"height":80},"normal 600":{"url":"https://asset.paintserver.com/open-sans-600.png","width":170,"height":80},"normal 700":{"url":"https://asset.paintserver.com/open-sans-700.png","width":170,"height":80},"normal 800":{"url":"https://asset.paintserver.com/open-sans-800.png","width":170,"height":80}},"variants":["normal 300","italic 300","normal 400","italic 400","normal 600","italic 600","normal 700","italic 700","normal 800","italic 800"],"author":[{"bio":"<p>Steve is a typeface designer based in Louisville, Colorado, who manages a global team for Monotype. With over 25 years in the business, he has designed corporate faces for Android, Citrix, Microsoft, Nextel, and Xbox. Steve frequently researches and lectures about the work of typographer Frederic Goudy, and has produced revivals of Goudy’s Bertham, Friar, and Tory Text among many others. He is a letterpress printer, musician, author, and avid cyclist.</p>\n<p><a href=\"https://twitter.com/@SteveMatteson1\" target=\"_blank\">Twitter</a></p>\n","name":"Steve Matteson","email":"","filename":["OpenSans-Light.ttf","OpenSans-LightItalic.ttf","OpenSans-Regular.ttf","OpenSans-Italic.ttf","OpenSans-SemiBold.ttf","OpenSans-SemiBoldItalic.ttf","OpenSans-Bold.ttf","OpenSans-BoldItalic.ttf","OpenSans-ExtraBold.ttf","OpenSans-ExtraBoldItalic.ttf"],"imageUrl":"https://lh3.googleusercontent.com/sBRywRZboBbowOoU0atcuOZLCe4IHhCoKbLm5M_LNs-qlziJnk4Ndsrslw","copyright":"Digitized data copyright  2010-2011, Google Corporation."}],"defaultVariant":"normal 400"}],"layers":[{"bbox":{"x":0,"y":0,"width":1500,"height":1500,"rotation":0,"padding":0,"scale":{"x":1,"y":1},"units":"userSpaceOnUse"},"id":"8297c94f-6b41-4a07-a2b6-65049d491c12","idx":0,"name":"background","seed":550446245,"type":"rectangle","clampToDoc":true,"selectable":false,"stickTo":"back","stretchTo":"edge","fill":{"type":"color","method":"fill","blend":"normal","enabled":true,"opacity":1,"color":"#ffffff"}},{"cutout":0,"roundness":0,"bbox":{"x":430,"y":139,"width":50,"height":50,"rotation":0,"padding":0,"scale":{"x":10.486907203128503,"y":12.92274610624674},"units":"userSpaceOnUse"},"id":"aef362e0-ab59-4b1a-b288-f711d1784da4","idx":1,"pointerId":"you_66077","seed":1288625118,"type":"square","fill":{"type":"color","method":"fill","blend":"normal","enabled":true,"opacity":1,"color":"#ffb4de"},"stroke":{"type":"color","method":"stroke","blend":"normal","enabled":true,"opacity":1,"lineDash":"none","lineDashOffset":0,"lineCap":"round","lineJoin":"miter","lineWidth":2,"miterLimit":4,"alignment":"center","color":"#000000"},"highRes":false},{"cutout":0,"roundness":0,"bbox":{"x":578,"y":239,"width":50,"height":50,"rotation":0,"padding":0,"scale":{"x":4.978314147292962,"y":6.701645663736503},"units":"userSpaceOnUse"},"id":"91c04cb9-4691-4f07-be9e-b3fdedf989dc","idx":2,"pointerId":"you_66098","seed":1768690667,"type":"square","fill":{"type":"color","method":"fill","blend":"normal","enabled":true,"opacity":1,"color":"#b5d0ff"},"stroke":{"type":"color","method":"stroke","blend":"normal","enabled":true,"opacity":1,"lineDash":"none","lineDashOffset":0,"lineCap":"round","lineJoin":"miter","lineWidth":2,"miterLimit":4,"alignment":"center","color":"#000000"}},{"cutout":0,"roundness":0,"bbox":{"x":463,"y":709,"width":50,"height":50,"rotation":0,"padding":0,"scale":{"x":1.0296896792726011,"y":1.0296896792726011},"units":"userSpaceOnUse"},"id":"124db4f6-548a-45b7-823e-95503fb4f1d6","idx":3,"pointerId":"you_66117","seed":2105692090,"type":"square","fill":{"type":"color","method":"fill","blend":"normal","enabled":true,"opacity":1,"color":"#ffff49"},"stroke":{"type":"color","method":"stroke","blend":"normal","enabled":true,"opacity":1,"lineDash":"none","lineDashOffset":0,"lineCap":"round","lineJoin":"miter","lineWidth":2,"miterLimit":4,"alignment":"center","color":"#000000"}},{"cutout":0,"roundness":0,"bbox":{"x":623,"y":600,"width":50,"height":50,"rotation":0,"padding":0,"scale":{"x":3.0637452693743046,"y":1.4644843141688422},"units":"userSpaceOnUse"},"id":"f464b6b7-0efd-494c-909e-32627b5aedc0","idx":4,"pointerId":"you_66119","seed":642902315,"type":"square","fill":{"type":"color","method":"fill","blend":"normal","enabled":true,"opacity":1,"color":"#ffff49"},"stroke":{"type":"color","method":"stroke","blend":"normal","enabled":true,"opacity":1,"lineDash":"none","lineDashOffset":0,"lineCap":"round","lineJoin":"miter","lineWidth":2,"miterLimit":4,"alignment":"center","color":"#000000"}},{"cutout":0,"roundness":0,"bbox":{"x":818.6338104545159,"y":151,"width":50,"height":50,"rotation":0,"padding":0,"scale":{"x":2.0566488288900664,"y":0.7424542268874172},"units":"userSpaceOnUse"},"id":"eae74770-2ecd-4a6d-a317-eb951da927cb","idx":5,"pointerId":"you_66152","seed":521623658,"type":"square","fill":{"type":"color","method":"fill","blend":"normal","enabled":true,"opacity":1,"color":"#ffac79"},"stroke":{"type":"color","method":"stroke","blend":"normal","enabled":true,"opacity":1,"lineDash":"none","lineDashOffset":0,"lineCap":"round","lineJoin":"miter","lineWidth":2,"miterLimit":4,"alignment":"center","color":"#000000"}},{"content":"GO","fitText":true,"fontFamily":"open-sans","fontSize":43.875,"fontStyle":"normal","fontVariant":"normal","fontWeight":"normal","letterSpacing":0,"lineHeight":1,"textAlign":"center","textDecoration":"none","textTransform":"none","whiteSpace":"pre-wrap","wordSpacing":0,"bbox":{"x":625.8673451743365,"y":622,"width":147.83396107209586,"height":51.18512867558657,"rotation":0,"padding":0,"scale":{"x":1,"y":1},"units":"userSpaceOnUse"},"blend":"normal","id":"16be7270-e2fa-4431-a812-3e6f1da12c22","idx":6,"name":"Fancy Text","pointerId":"you_66063","seed":1311043707,"type":"fancyText","fill":{"type":"color","method":"fill","blend":"normal","enabled":true,"opacity":1,"color":"#000000"},"highRes":false},{"content":"Level Selection","fitText":true,"fontFamily":"open-sans","fontSize":32,"fontStyle":"normal","fontVariant":"normal","fontWeight":"normal","letterSpacing":0,"lineHeight":1,"textAlign":"center","textDecoration":"none","textTransform":"none","whiteSpace":"pre-wrap","wordSpacing":0,"bbox":{"x":588,"y":92,"width":222.87251645814217,"height":55.98086328756023,"rotation":0,"padding":0,"scale":{"x":1,"y":1},"units":"userSpaceOnUse"},"blend":"normal","id":"9b088e80-157d-48d8-b467-bedabd8ec8fb","idx":7,"name":"Fancy Text","pointerId":"you_66063","seed":1311043707,"type":"fancyText","fill":{"type":"color","method":"fill","blend":"normal","enabled":true,"opacity":1,"color":"#000000"},"highRes":false},{"content":"back","fitText":true,"fontFamily":"open-sans","fontSize":37,"fontStyle":"normal","fontVariant":"normal","fontWeight":"normal","letterSpacing":0,"lineHeight":1,"textAlign":"center","textDecoration":"none","textTransform":"none","whiteSpace":"pre-wrap","wordSpacing":0,"bbox":{"x":447,"y":673,"width":82.56147402589629,"height":51.18512867558657,"rotation":0,"padding":0,"scale":{"x":1,"y":1},"units":"userSpaceOnUse"},"blend":"normal","id":"0185e3ce-012d-4941-a0cd-0a60089abc98","idx":8,"name":"Fancy Text","pointerId":"you_66063","seed":1311043707,"type":"fancyText","fill":{"type":"color","method":"fill","blend":"normal","enabled":true,"opacity":1,"color":"#000000"},"highRes":false},{"content":"Money","fitText":true,"fontFamily":"open-sans","fontSize":25,"fontStyle":"normal","fontVariant":"normal","fontWeight":"normal","letterSpacing":0,"lineHeight":1,"textAlign":"center","textDecoration":"none","textTransform":"none","whiteSpace":"pre-wrap","wordSpacing":0,"bbox":{"x":826,"y":151,"width":82.56147402589629,"height":51.18512867558657,"rotation":0,"padding":0,"scale":{"x":1,"y":1},"units":"userSpaceOnUse"},"blend":"normal","id":"fb8681e8-239e-4570-bd62-ca4848cf682a","idx":9,"name":"Fancy Text","pointerId":"you_66063","seed":1311043707,"type":"fancyText","fill":{"type":"color","method":"fill","blend":"normal","enabled":true,"opacity":1,"color":"#000000"}},{"cutout":0,"roundness":0,"blend":"source-over","type":"square","fill":{"type":"color","method":"fill","blend":"normal","enabled":true,"opacity":1,"color":"#ffff49"},"stroke":{"type":"color","method":"stroke","blend":"normal","enabled":true,"opacity":1,"lineDash":"none","lineDashOffset":0,"lineCap":"round","lineJoin":"miter","lineWidth":2,"miterLimit":4,"alignment":"center","color":"#000000"},"bbox":{"x":601,"y":481,"width":50,"height":50,"rotation":0,"padding":0,"scale":{"x":1,"y":1},"units":"userSpaceOnUse"},"id":"470fa12a-3d1f-4ef7-88ce-ca753e689509","seed":2016180997,"idx":10,"pointerId":"you_66331","highRes":false},{"cutout":0,"roundness":0,"blend":"source-over","type":"square","fill":{"type":"color","method":"fill","blend":"normal","enabled":true,"opacity":1,"color":"#ffff49"},"stroke":{"type":"color","method":"stroke","blend":"normal","enabled":true,"opacity":1,"lineDash":"none","lineDashOffset":0,"lineCap":"round","lineJoin":"miter","lineWidth":2,"miterLimit":4,"alignment":"center","color":"#000000"},"bbox":{"x":601,"y":381,"width":50,"height":50,"rotation":0,"padding":0,"scale":{"x":1,"y":1},"units":"userSpaceOnUse"},"id":"0a7a2843-cbcc-428f-ac95-1f14bbc80bee","seed":455395320,"idx":11,"pointerId":"you_66332","highRes":false},{"cutout":0,"roundness":0,"blend":"source-over","type":"square","fill":{"type":"color","method":"fill","blend":"normal","enabled":true,"opacity":1,"color":"#ffff49"},"stroke":{"type":"color","method":"stroke","blend":"normal","enabled":true,"opacity":1,"lineDash":"none","lineDashOffset":0,"lineCap":"round","lineJoin":"miter","lineWidth":2,"miterLimit":4,"alignment":"center","color":"#000000"},"bbox":{"x":601,"y":271,"width":50,"height":50,"rotation":0,"padding":0,"scale":{"x":1,"y":1},"units":"userSpaceOnUse"},"id":"cbcf0e6e-d965-4c12-b033-7e95cb4c1e3a","seed":693882279,"idx":12,"pointerId":"you_66333","highRes":false},{"cutout":0,"roundness":0,"blend":"source-over","type":"square","fill":{"type":"color","method":"fill","blend":"normal","enabled":true,"opacity":1,"color":"#ffff49"},"stroke":{"type":"color","method":"stroke","blend":"normal","enabled":true,"opacity":1,"lineDash":"none","lineDashOffset":0,"lineCap":"round","lineJoin":"miter","lineWidth":2,"miterLimit":4,"alignment":"center","color":"#000000"},"bbox":{"x":677,"y":271,"width":50,"height":50,"rotation":0,"padding":0,"scale":{"x":1,"y":1},"units":"userSpaceOnUse"},"id":"34e9c7fd-4fe8-4ecf-b65c-05077bb264f2","seed":1325379282,"idx":13,"pointerId":"you_66334","highRes":false},{"cutout":0,"roundness":0,"blend":"source-over","type":"square","fill":{"type":"color","method":"fill","blend":"normal","enabled":true,"opacity":1,"color":"#ffff49"},"stroke":{"type":"color","method":"stroke","blend":"normal","enabled":true,"opacity":1,"lineDash":"none","lineDashOffset":0,"lineCap":"round","lineJoin":"miter","lineWidth":2,"miterLimit":4,"alignment":"center","color":"#000000"},"bbox":{"x":677,"y":381,"width":50,"height":50,"rotation":0,"padding":0,"scale":{"x":1,"y":1},"units":"userSpaceOnUse"},"id":"88b1c0cb-8751-41dd-a635-7e1666d6bf3b","seed":118114997,"idx":14,"pointerId":"you_66335","highRes":false},{"cutout":0,"roundness":0,"blend":"source-over","type":"square","fill":{"type":"color","method":"fill","blend":"normal","enabled":true,"opacity":1,"color":"#ffff49"},"stroke":{"type":"color","method":"stroke","blend":"normal","enabled":true,"opacity":1,"lineDash":"none","lineDashOffset":0,"lineCap":"round","lineJoin":"miter","lineWidth":2,"miterLimit":4,"alignment":"center","color":"#000000"},"bbox":{"x":677,"y":481,"width":50,"height":50,"rotation":0,"padding":0,"scale":{"x":1,"y":1},"units":"userSpaceOnUse"},"id":"f4a87b68-6e9f-4edb-87fc-16f6a89571ba","seed":428667150,"idx":15,"pointerId":"you_66336","highRes":false},{"cutout":0,"roundness":0,"blend":"source-over","type":"square","fill":{"type":"color","method":"fill","blend":"normal","enabled":true,"opacity":1,"color":"#ffff49"},"stroke":{"type":"color","method":"stroke","blend":"normal","enabled":true,"opacity":1,"lineDash":"none","lineDashOffset":0,"lineCap":"round","lineJoin":"miter","lineWidth":2,"miterLimit":4,"alignment":"center","color":"#000000"},"bbox":{"x":751,"y":271,"width":50,"height":50,"rotation":0,"padding":0,"scale":{"x":1,"y":1},"units":"userSpaceOnUse"},"id":"04274755-1a04-43cc-97f4-a2ff29e2e084","seed":1810268127,"idx":16,"pointerId":"you_66337","highRes":false},{"cutout":0,"roundness":0,"blend":"source-over","type":"square","fill":{"type":"color","method":"fill","blend":"normal","enabled":true,"opacity":1,"color":"#ffff49"},"stroke":{"type":"color","method":"stroke","blend":"normal","enabled":true,"opacity":1,"lineDash":"none","lineDashOffset":0,"lineCap":"round","lineJoin":"miter","lineWidth":2,"miterLimit":4,"alignment":"center","color":"#000000"},"bbox":{"x":750,"y":381,"width":50,"height":50,"rotation":0,"padding":0,"scale":{"x":1,"y":1},"units":"userSpaceOnUse"},"id":"77d017eb-b4d4-49a1-a4a8-0b40464540ca","seed":659407785,"idx":17,"pointerId":"you_66340","highRes":false},{"cutout":0,"roundness":0,"blend":"source-over","type":"square","fill":{"type":"color","method":"fill","blend":"normal","enabled":true,"opacity":1,"color":"#ffff49"},"stroke":{"type":"color","method":"stroke","blend":"normal","enabled":true,"opacity":1,"lineDash":"none","lineDashOffset":0,"lineCap":"round","lineJoin":"miter","lineWidth":2,"miterLimit":4,"alignment":"center","color":"#000000"},"bbox":{"x":751,"y":481,"width":50,"height":50,"rotation":0,"padding":0,"scale":{"x":1,"y":1},"units":"userSpaceOnUse"},"id":"585d266b-6a01-4738-b594-2897b15d6834","seed":783964363,"idx":18,"pointerId":"you_66341","highRes":false},{"cutout":0,"blend":"source-over","type":"triangle","fill":{"type":"color","method":"fill","blend":"normal","enabled":true,"opacity":1,"color":"#ffff49","gradient":{"type":"linearGradient","noise":0,"spreadMethod":"pad","stops":[{"color":"#b5bdc8","offset":0},{"color":"#6e7881","offset":0.5},{"color":"#28343b","offset":1}],"x0":0,"y0":0.5,"x1":1,"y1":0.5}},"stroke":{"type":"color","method":"stroke","blend":"normal","enabled":true,"opacity":1,"lineDash":"none","lineDashOffset":0,"lineCap":"round","lineJoin":"miter","lineWidth":2,"miterLimit":4,"alignment":"center","color":"#000000"},"bbox":{"x":490.72224142377866,"y":434.8332395332525,"width":56.999914125098876,"height":56.999914125098876,"rotation":4.7123889803846915,"padding":0,"scale":{"x":1,"y":1},"units":"userSpaceOnUse"},"id":"ba0a67c3-965e-40f9-a258-3aa29c309c7d","seed":129097172,"idx":19,"pointerId":"you_66368","highRes":false},{"cutout":0,"blend":"source-over","type":"triangle","fill":{"type":"color","method":"fill","blend":"normal","enabled":true,"opacity":1,"color":"#ffff49","gradient":{"type":"linearGradient","noise":0,"spreadMethod":"pad","stops":[{"color":"#b5bdc8","offset":0},{"color":"#6e7881","offset":0.5},{"color":"#28343b","offset":1}],"x0":0,"y0":0.5,"x1":1,"y1":0.5}},"stroke":{"type":"color","method":"stroke","blend":"normal","enabled":true,"opacity":1,"lineDash":"none","lineDashOffset":0,"lineCap":"round","lineJoin":"miter","lineWidth":2,"miterLimit":4,"alignment":"center","color":"#000000"},"bbox":{"x":835.3475630287451,"y":397.30624725537336,"width":54.06901275622512,"height":54.06901275622512,"rotation":5.742133239061344,"padding":0,"scale":{"x":1,"y":1},"units":"userSpaceOnUse"},"id":"cbdf2169-6a8f-4541-a393-a99e797f8b84","seed":1921836494,"idx":20,"pointerId":"you_66369","highRes":false}]}