{"version":"5.1.316","config":{"title":"068417ee-18cd-4982-bceb-eb171acf2f47","description":"Made with Sketchpad - https://sketch.io/sketchpad","metadata":{},"clipPath":{"enabled":true,"style":{"strokeStyle":"black","lineWidth":1}},"exportDPI":72,"exportFormat":"png","exportQuality":0.95,"units":"px","width":1500,"height":1500,"pages":{"length":1,"data":[{"width":1500,"height":1500}]}},"resources":[{"id":10832,"type":["font"],"key":"open-sans","title":"Open Sans","value":{"italic 300":{"ttf":"https://asset.paintserver.com/54b4443404115cef4af765596ccf0ed3.ttf","woff":"https://asset.paintserver.com/ef63d6b7ecd52b58933ceab33d4ebc45.woff","style":"italic","woff2":"https://asset.paintserver.com/b64c6b71d1b13220e686cdb4a5405b78.woff2","weight":"300"},"italic 400":{"ttf":"https://asset.paintserver.com/bf243bcbf81560535385c47725f57dfe.ttf","woff":"https://asset.paintserver.com/e832417cd2119f5761e4ea2c7a4f1587.woff","style":"italic","woff2":"https://asset.paintserver.com/d4955e33747c4000180f9460f383c901.woff2","weight":"400"},"italic 600":{"ttf":"https://asset.paintserver.com/fc17ea62c914b2aaa9e89ecc519a8cb3.ttf","woff":"https://asset.paintserver.com/065b68f4d6fde45abfdf8aa26b2191de.woff","style":"italic","woff2":"https://asset.paintserver.com/101a8c0488566fa4cfff167846844c02.woff2","weight":"600"},"italic 700":{"ttf":"https://asset.paintserver.com/f40598dd8ea8593e91ab28aa48130cf1.ttf","woff":"https://asset.paintserver.com/f569a65473827e258ddaccb03186611c.woff","style":"italic","woff2":"https://asset.paintserver.com/eab33cd0cf7b99b5005ecaa761a35e25.woff2","weight":"700"},"italic 800":{"ttf":"https://asset.paintserver.com/617beb2703a6fccd227ab45754d73440.ttf","woff":"https://asset.paintserver.com/1a914741a00571b69954d915ecaff059.woff","style":"italic","woff2":"https://asset.paintserver.com/a5b961c7f33b94a6b15d07c74001de7c.woff2","weight":"800"},"normal 300":{"ttf":"https://asset.paintserver.com/9ff12f694e5951a6f51a9d63b05062e7.ttf","woff":"https://asset.paintserver.com/4314758f10fe8f7a1fe709df5c000129.woff","style":"normal","woff2":"https://asset.paintserver.com/691f774319fda1ccf9ea172ffaee815e.woff2","weight":"300"},"normal 400":{"ttf":"https://asset.paintserver.com/d7d5d4588a9f50c99264bc12e4892a7c.ttf","woff":"https://asset.paintserver.com/86f83cc557017c273dd44fa39d78a341.woff","style":"normal","woff2":"https://asset.paintserver.com/e78dce533ecee30c5efd812bb23c248d.woff2","weight":"400"},"normal 600":{"ttf":"https://asset.paintserver.com/e1c83f9474e0cc1d84a13c6d1ddf3ca5.ttf","woff":"https://asset.paintserver.com/b4f76501db86eb7c731e0437151d304f.woff","style":"normal","woff2":"https://asset.paintserver.com/e9681ca3d29d814a5621d4764dd1a11e.woff2","weight":"600"},"normal 700":{"ttf":"https://asset.paintserver.com/f5331cb6372b6c0d8baf2dd7e200498c.ttf","woff":"https://asset.paintserver.com/dd482b790e27ef56d5bb00a5d1fcdd6d.woff","style":"normal","woff2":"https://asset.paintserver.com/96f3835aa784a280a0e1e7fa64b97b60.woff2","weight":"700"},"normal 800":{"ttf":"https://asset.paintserver.com/49f89e34d03233b1f27788f75df7a40a.ttf","woff":"https://asset.paintserver.com/a466cad217882f3a29d6031a40c2588d.woff","style":"normal","woff2":"https://asset.paintserver.com/f12f942e33271945bc4689c8a40c53f0.woff2","weight":"800"}},"preview":{"italic 300":{"url":"https://asset.paintserver.com/open-sans-300italic.png","width":170,"height":80},"italic 400":{"url":"https://asset.paintserver.com/open-sans-italic.png","width":170,"height":80},"italic 600":{"url":"https://asset.paintserver.com/open-sans-600italic.png","width":170,"height":80},"italic 700":{"url":"https://asset.paintserver.com/open-sans-700italic.png","width":170,"height":80},"italic 800":{"url":"https://asset.paintserver.com/open-sans-800italic.png","width":170,"height":80},"normal 300":{"url":"https://asset.paintserver.com/open-sans-300.png","width":170,"height":80},"normal 400":{"url":"https://asset.paintserver.com/open-sans-regular.png","width":170,"height":80},"normal 600":{"url":"https://asset.paintserver.com/open-sans-600.png","width":170,"height":80},"normal 700":{"url":"https://asset.paintserver.com/open-sans-700.png","width":170,"height":80},"normal 800":{"url":"https://asset.paintserver.com/open-sans-800.png","width":170,"height":80}},"variants":["normal 300","italic 300","normal 400","italic 400","normal 600","italic 600","normal 700","italic 700","normal 800","italic 800"],"author":[{"bio":"<p>Steve is a typeface designer based in Louisville, Colorado, who manages a global team for Monotype. With over 25 years in the business, he has designed corporate faces for Android, Citrix, Microsoft, Nextel, and Xbox. Steve frequently researches and lectures about the work of typographer Frederic Goudy, and has produced revivals of Goudy’s Bertham, Friar, and Tory Text among many others. He is a letterpress printer, musician, author, and avid cyclist.</p>\n<p><a href=\"https://twitter.com/@SteveMatteson1\" target=\"_blank\">Twitter</a></p>\n","name":"Steve Matteson","email":"","filename":["OpenSans-Light.ttf","OpenSans-LightItalic.ttf","OpenSans-Regular.ttf","OpenSans-Italic.ttf","OpenSans-SemiBold.ttf","OpenSans-SemiBoldItalic.ttf","OpenSans-Bold.ttf","OpenSans-BoldItalic.ttf","OpenSans-ExtraBold.ttf","OpenSans-ExtraBoldItalic.ttf"],"imageUrl":"https://lh3.googleusercontent.com/sBRywRZboBbowOoU0atcuOZLCe4IHhCoKbLm5M_LNs-qlziJnk4Ndsrslw","copyright":"Digitized data copyright  2010-2011, Google Corporation."}],"defaultVariant":"normal 400"}],"layers":[{"bbox":{"x":0,"y":0,"width":1500,"height":1500,"rotation":0,"padding":0,"scale":{"x":1,"y":1},"units":"userSpaceOnUse"},"id":"c3c49ab0-b203-4e3e-a2ec-8bab9bbf9f21","idx":0,"name":"background","seed":24532326,"type":"rectangle","clampToDoc":true,"selectable":false,"stickTo":"back","stretchTo":"edge","fill":{"type":"color","method":"fill","blend":"normal","enabled":true,"opacity":1,"color":"#ffffff"}},{"cutout":0,"roundness":0,"bbox":{"x":457,"y":168,"width":50,"height":50,"rotation":0,"padding":0,"scale":{"x":10.486907203128503,"y":12.92274610624674},"units":"userSpaceOnUse"},"id":"aef362e0-ab59-4b1a-b288-f711d1784da4","idx":1,"pointerId":"you_66077","seed":1288625118,"type":"square","fill":{"type":"color","method":"fill","blend":"normal","enabled":true,"opacity":1,"color":"#ffb4de"},"stroke":{"type":"color","method":"stroke","blend":"normal","enabled":true,"opacity":1,"lineDash":"none","lineDashOffset":0,"lineCap":"round","lineJoin":"miter","lineWidth":2,"miterLimit":4,"alignment":"center","color":"#000000"}},{"cutout":0,"roundness":0,"bbox":{"x":515,"y":222,"width":50,"height":50,"rotation":0,"padding":0,"scale":{"x":8.57571886882226,"y":9.760804571497728},"units":"userSpaceOnUse"},"id":"91c04cb9-4691-4f07-be9e-b3fdedf989dc","idx":2,"pointerId":"you_66098","seed":1768690667,"type":"square","fill":{"type":"color","method":"fill","blend":"normal","enabled":true,"opacity":1,"color":"#b5d0ff"},"stroke":{"type":"color","method":"stroke","blend":"normal","enabled":true,"opacity":1,"lineDash":"none","lineDashOffset":0,"lineCap":"round","lineJoin":"miter","lineWidth":2,"miterLimit":4,"alignment":"center","color":"#000000"},"highRes":false},{"cutout":0,"roundness":0,"bbox":{"x":903,"y":729,"width":50,"height":50,"rotation":0,"padding":0,"scale":{"x":1.0296896792726011,"y":1.0296896792726011},"units":"userSpaceOnUse"},"id":"5de7135d-3235-4bbf-980a-61221f2d6e8a","idx":3,"pointerId":"you_66117","seed":2105692090,"type":"square","fill":{"type":"color","method":"fill","blend":"normal","enabled":true,"opacity":1,"color":"#ffff49"},"stroke":{"type":"color","method":"stroke","blend":"normal","enabled":true,"opacity":1,"lineDash":"none","lineDashOffset":0,"lineCap":"round","lineJoin":"miter","lineWidth":2,"miterLimit":4,"alignment":"center","color":"#000000"}},{"cutout":0,"roundness":0,"bbox":{"x":838.6338104545159,"y":171,"width":50,"height":50,"rotation":0,"padding":0,"scale":{"x":2.0566488288900664,"y":0.7424542268874172},"units":"userSpaceOnUse"},"id":"eae74770-2ecd-4a6d-a317-eb951da927cb","idx":4,"pointerId":"you_66152","seed":521623658,"type":"square","fill":{"type":"color","method":"fill","blend":"normal","enabled":true,"opacity":1,"color":"#ffac79"},"stroke":{"type":"color","method":"stroke","blend":"normal","enabled":true,"opacity":1,"lineDash":"none","lineDashOffset":0,"lineCap":"round","lineJoin":"miter","lineWidth":2,"miterLimit":4,"alignment":"center","color":"#000000"}},{"content":"Setting","fitText":true,"fontFamily":"open-sans","fontSize":47.875,"fontStyle":"normal","fontVariant":"normal","fontWeight":"normal","letterSpacing":0,"lineHeight":1,"textAlign":"center","textDecoration":"none","textTransform":"none","whiteSpace":"pre-wrap","wordSpacing":0,"bbox":{"x":608,"y":112,"width":222.87251645814217,"height":55.98086328756023,"rotation":0,"padding":0,"scale":{"x":1,"y":1},"units":"userSpaceOnUse"},"blend":"normal","id":"9b088e80-157d-48d8-b467-bedabd8ec8fb","idx":5,"name":"Fancy Text","pointerId":"you_66063","seed":1311043707,"type":"fancyText","fill":{"type":"color","method":"fill","blend":"normal","enabled":true,"opacity":1,"color":"#000000"}},{"content":"Back","fitText":true,"fontFamily":"open-sans","fontSize":23.875,"fontStyle":"normal","fontVariant":"normal","fontWeight":"normal","letterSpacing":0,"lineHeight":1,"textAlign":"center","textDecoration":"none","textTransform":"none","whiteSpace":"pre-wrap","wordSpacing":0,"bbox":{"x":892,"y":693,"width":72.09126056257392,"height":27.447087861483492,"rotation":0,"padding":0,"scale":{"x":1,"y":1},"units":"userSpaceOnUse"},"blend":"normal","id":"faaac12b-d0d5-4851-8b32-d422b13581fd","idx":6,"name":"Fancy Text","pointerId":"you_66063","seed":1311043707,"type":"fancyText","fill":{"type":"color","method":"fill","blend":"normal","enabled":true,"opacity":1,"color":"#000000"}},{"content":"Money","fitText":true,"fontFamily":"open-sans","fontSize":25,"fontStyle":"normal","fontVariant":"normal","fontWeight":"normal","letterSpacing":0,"lineHeight":1,"textAlign":"center","textDecoration":"none","textTransform":"none","whiteSpace":"pre-wrap","wordSpacing":0,"bbox":{"x":846,"y":171,"width":82.56147402589629,"height":51.18512867558657,"rotation":0,"padding":0,"scale":{"x":1,"y":1},"units":"userSpaceOnUse"},"blend":"normal","id":"fb8681e8-239e-4570-bd62-ca4848cf682a","idx":7,"name":"Fancy Text","pointerId":"you_66063","seed":1311043707,"type":"fancyText","fill":{"type":"color","method":"fill","blend":"normal","enabled":true,"opacity":1,"color":"#000000"}},{"cutout":0,"roundness":0,"bbox":{"x":584,"y":334,"width":50,"height":50,"rotation":0,"padding":0,"scale":{"x":2.469076877570359,"y":0.6687318955099292},"units":"userSpaceOnUse"},"id":"bce7028a-2c73-40fd-8afc-81afffea9f9b","idx":8,"pointerId":"you_66443","seed":164312742,"type":"square","fill":{"type":"color","method":"fill","blend":"normal","enabled":true,"opacity":1,"color":"#ffce2f"},"stroke":{"type":"color","method":"stroke","blend":"normal","enabled":true,"opacity":1,"lineDash":"none","lineDashOffset":0,"lineCap":"round","lineJoin":"miter","lineWidth":2,"miterLimit":4,"alignment":"center","color":"#000000"},"highRes":false},{"cutout":0,"roundness":0,"bbox":{"x":867,"y":366,"width":50,"height":50,"rotation":-3.141592653589793,"padding":0,"scale":{"x":2.140776557351678,"y":0.6483812099629024},"units":"userSpaceOnUse"},"id":"83fd8c0e-6422-459d-8c09-80624d76663a","idx":9,"pointerId":"you_66446","seed":550088896,"type":"square","fill":{"type":"color","method":"fill","blend":"normal","enabled":true,"opacity":1,"color":"#ffce2f"},"stroke":{"type":"color","method":"stroke","blend":"normal","enabled":true,"opacity":1,"lineDash":"none","lineDashOffset":0,"lineCap":"round","lineJoin":"miter","lineWidth":2,"miterLimit":4,"alignment":"center","color":"#000000"},"highRes":false},{"content":"settings","fitText":true,"fontFamily":"open-sans","fontSize":29.875,"fontStyle":"normal","fontVariant":"normal","fontWeight":"normal","letterSpacing":0,"lineHeight":1,"textAlign":"center","textDecoration":"none","textTransform":"none","whiteSpace":"pre-wrap","wordSpacing":0,"bbox":{"x":657,"y":237,"width":147.55560931650547,"height":34.482754538372824,"rotation":0,"padding":0,"scale":{"x":1,"y":1},"units":"userSpaceOnUse"},"blend":"normal","id":"7ff3dd5a-ec2c-4484-acc3-058ca1e49eb3","idx":10,"pointerId":"you_65650","seed":1694262009,"type":"fancyText","fill":{"type":"color","method":"fill","blend":"normal","enabled":true,"opacity":1,"color":"#000000"},"stroke":{"type":"color","method":"stroke","blend":"normal","enabled":false,"opacity":1,"lineDash":"none","lineDashOffset":0,"lineCap":"round","lineJoin":"miter","lineWidth":1,"miterLimit":4,"alignment":"center","color":"#ff0000"},"highRes":false},{"content":"music","fitText":true,"fontFamily":"open-sans","fontSize":21.125,"fontStyle":"normal","fontVariant":"normal","fontWeight":"normal","letterSpacing":0,"lineHeight":1,"textAlign":"center","textDecoration":"none","textTransform":"none","whiteSpace":"pre-wrap","wordSpacing":0,"bbox":{"x":572,"y":294,"width":147.55560931650547,"height":24.21813041839352,"rotation":0,"padding":0,"scale":{"x":1,"y":1},"units":"userSpaceOnUse"},"blend":"normal","id":"54976906-b334-42f0-9c6f-50943fc1ab42","idx":11,"pointerId":"you_65650","seed":1694262009,"type":"fancyText","fill":{"type":"color","method":"fill","blend":"normal","enabled":true,"opacity":1,"color":"#000000"},"highRes":false},{"content":"sound","fitText":true,"fontFamily":"open-sans","fontSize":21.125,"fontStyle":"normal","fontVariant":"normal","fontWeight":"normal","letterSpacing":0,"lineHeight":1,"textAlign":"center","textDecoration":"none","textTransform":"none","whiteSpace":"pre-wrap","wordSpacing":0,"bbox":{"x":740,"y":294,"width":147.55560931650547,"height":24.405592324425005,"rotation":0,"padding":0,"scale":{"x":1,"y":1},"units":"userSpaceOnUse"},"blend":"normal","id":"95b6cf1d-73be-401c-beb5-a486e03ae215","idx":12,"pointerId":"you_65650","seed":1694262009,"type":"fancyText","fill":{"type":"color","method":"fill","blend":"normal","enabled":true,"opacity":1,"color":"#000000"},"highRes":false},{"content":"ON","fitText":true,"fontFamily":"open-sans","fontSize":21.875,"fontStyle":"normal","fontVariant":"normal","fontWeight":"normal","letterSpacing":0,"lineHeight":1,"textAlign":"center","textDecoration":"none","textTransform":"none","whiteSpace":"pre-wrap","wordSpacing":0,"bbox":{"x":615,"y":342,"width":62.19894235111336,"height":25.73561088137587,"rotation":0,"padding":0,"scale":{"x":1,"y":1},"units":"userSpaceOnUse"},"blend":"normal","id":"06c6beb6-ab90-40c6-b201-59643ac75914","idx":13,"name":"Fancy Text","pointerId":"you_65650","seed":1694262009,"type":"fancyText","fill":{"type":"color","method":"fill","blend":"normal","enabled":true,"opacity":1,"color":"#000000"},"highRes":false},{"content":"OFF","fitText":true,"fontFamily":"open-sans","fontSize":21.875,"fontStyle":"normal","fontVariant":"normal","fontWeight":"normal","letterSpacing":0,"lineHeight":1,"textAlign":"center","textDecoration":"none","textTransform":"none","whiteSpace":"pre-wrap","wordSpacing":0,"bbox":{"x":780,"y":342,"width":62.19894235111336,"height":25.73561088137587,"rotation":0,"padding":0,"scale":{"x":1,"y":1},"units":"userSpaceOnUse"},"blend":"normal","id":"a35964d0-3f52-4fc9-b6a4-f2f08f5a9f8b","idx":14,"name":"Fancy Text","pointerId":"you_65650","seed":1694262009,"type":"fancyText","fill":{"type":"color","method":"fill","blend":"normal","enabled":true,"opacity":1,"color":"#000000"},"highRes":false},{"content":"Support","fitText":true,"fontFamily":"open-sans","fontSize":20,"fontStyle":"normal","fontVariant":"normal","fontWeight":"normal","letterSpacing":0,"lineHeight":1,"textAlign":"center","textDecoration":"none","textTransform":"none","whiteSpace":"pre-wrap","wordSpacing":0,"bbox":{"x":664,"y":385,"width":131.5169541348435,"height":23.67709996745174,"rotation":0,"padding":0,"scale":{"x":1,"y":1},"units":"userSpaceOnUse"},"blend":"normal","id":"7ba23687-c835-43a6-b123-5918fcb25f73","idx":15,"pointerId":"you_65650","seed":1694262009,"type":"fancyText","fill":{"type":"color","method":"fill","blend":"normal","enabled":true,"opacity":1,"color":"#000000"},"highRes":false},{"content":"Credit","fitText":true,"fontFamily":"open-sans","fontSize":18,"fontStyle":"normal","fontVariant":"normal","fontWeight":"normal","letterSpacing":0,"lineHeight":1,"textAlign":"center","textDecoration":"none","textTransform":"none","whiteSpace":"pre-wrap","wordSpacing":0,"bbox":{"x":664,"y":459,"width":124.42532400975612,"height":21.179803613251323,"rotation":0,"padding":0,"scale":{"x":1,"y":1},"units":"userSpaceOnUse"},"blend":"normal","id":"f64dd087-b3da-40b9-bbd9-3056093cf8e2","idx":16,"pointerId":"you_65650","seed":1694262009,"type":"fancyText","fill":{"type":"color","method":"fill","blend":"normal","enabled":true,"opacity":1,"color":"#000000"},"highRes":false},{"content":"Promo Pack","fitText":true,"fontFamily":"open-sans","fontSize":20.875,"fontStyle":"normal","fontVariant":"normal","fontWeight":"normal","letterSpacing":0,"lineHeight":1,"textAlign":"center","textDecoration":"none","textTransform":"none","whiteSpace":"pre-wrap","wordSpacing":0,"bbox":{"x":661,"y":534,"width":127.3637457478194,"height":24.13793606933113,"rotation":0,"padding":0,"scale":{"x":1,"y":1},"units":"userSpaceOnUse"},"blend":"normal","id":"fed482d2-6ee2-4118-bc5a-f78fdb503458","idx":17,"pointerId":"you_65650","seed":1694262009,"type":"fancyText","fill":{"type":"color","method":"fill","blend":"normal","enabled":true,"opacity":1,"color":"#000000"},"highRes":false},{"content":"Facebook","fitText":true,"fontFamily":"open-sans","fontSize":19.875,"fontStyle":"normal","fontVariant":"normal","fontWeight":"normal","letterSpacing":0,"lineHeight":1,"textAlign":"center","textDecoration":"none","textTransform":"none","whiteSpace":"pre-wrap","wordSpacing":0,"bbox":{"x":663,"y":601,"width":123.16624932904922,"height":22.793683187951803,"rotation":0,"padding":0,"scale":{"x":1,"y":1},"units":"userSpaceOnUse"},"blend":"normal","id":"f2ee96fb-d1a9-487f-9f04-5271694b4ae0","idx":18,"pointerId":"you_65650","seed":1694262009,"type":"fancyText","fill":{"type":"color","method":"fill","blend":"normal","enabled":true,"opacity":1,"color":"#000000"},"highRes":false},{"cutout":0,"roundness":0,"bbox":{"x":590,"y":412,"width":50,"height":50,"rotation":0,"padding":0,"scale":{"x":5.544587993442216,"y":0.6687318955099292},"units":"userSpaceOnUse"},"id":"7c5351e0-6f4a-4530-a409-9049b70ff063","idx":19,"pointerId":"you_66443","seed":164312742,"type":"square","fill":{"type":"color","method":"fill","blend":"normal","enabled":true,"opacity":1,"color":"#ffce2f"},"stroke":{"type":"color","method":"stroke","blend":"normal","enabled":true,"opacity":1,"lineDash":"none","lineDashOffset":0,"lineCap":"round","lineJoin":"miter","lineWidth":2,"miterLimit":4,"alignment":"center","color":"#000000"},"highRes":false},{"cutout":0,"roundness":0,"bbox":{"x":590,"y":491,"width":50,"height":50,"rotation":0,"padding":0,"scale":{"x":5.544587993442216,"y":0.6687318955099292},"units":"userSpaceOnUse"},"id":"e02b8f5e-5a4a-4348-94ec-1f9bed89ac41","idx":20,"pointerId":"you_66443","seed":164312742,"type":"square","fill":{"type":"color","method":"fill","blend":"normal","enabled":true,"opacity":1,"color":"#ffce2f"},"stroke":{"type":"color","method":"stroke","blend":"normal","enabled":true,"opacity":1,"lineDash":"none","lineDashOffset":0,"lineCap":"round","lineJoin":"miter","lineWidth":2,"miterLimit":4,"alignment":"center","color":"#000000"},"highRes":false},{"cutout":0,"roundness":0,"bbox":{"x":590,"y":558,"width":50,"height":50,"rotation":0,"padding":0,"scale":{"x":5.544587993442216,"y":0.6687318955099292},"units":"userSpaceOnUse"},"id":"ca515ad0-2d59-41d1-8f52-56e995721f3d","idx":21,"pointerId":"you_66443","seed":164312742,"type":"square","fill":{"type":"color","method":"fill","blend":"normal","enabled":true,"opacity":1,"color":"#ffce2f"},"stroke":{"type":"color","method":"stroke","blend":"normal","enabled":true,"opacity":1,"lineDash":"none","lineDashOffset":0,"lineCap":"round","lineJoin":"miter","lineWidth":2,"miterLimit":4,"alignment":"center","color":"#000000"},"highRes":false},{"cutout":0,"roundness":0,"bbox":{"x":591,"y":632,"width":50,"height":50,"rotation":0,"padding":0,"scale":{"x":5.544587993442216,"y":0.6687318955099292},"units":"userSpaceOnUse"},"id":"97c7c688-e1e1-4244-923d-26c50cc55130","idx":22,"pointerId":"you_66443","seed":164312742,"type":"square","fill":{"type":"color","method":"fill","blend":"normal","enabled":true,"opacity":1,"color":"#ffce2f"},"stroke":{"type":"color","method":"stroke","blend":"normal","enabled":true,"opacity":1,"lineDash":"none","lineDashOffset":0,"lineCap":"round","lineJoin":"miter","lineWidth":2,"miterLimit":4,"alignment":"center","color":"#000000"},"highRes":false},{"content":"Feedback","fitText":true,"fontFamily":"open-sans","fontSize":20,"fontStyle":"normal","fontVariant":"normal","fontWeight":"normal","letterSpacing":0,"lineHeight":1,"textAlign":"center","textDecoration":"none","textTransform":"none","whiteSpace":"pre-wrap","wordSpacing":0,"bbox":{"x":663,"y":417,"width":131.5169541348435,"height":23.67709996745174,"rotation":0,"padding":0,"scale":{"x":1,"y":1},"units":"userSpaceOnUse"},"blend":"normal","id":"9a4bd3d2-061d-4e92-ba36-9d15c612bb20","idx":23,"pointerId":"you_65650","seed":1694262009,"type":"fancyText","fill":{"type":"color","method":"fill","blend":"normal","enabled":true,"opacity":1,"color":"#000000"},"highRes":false},{"content":"View","fitText":true,"fontFamily":"open-sans","fontSize":20,"fontStyle":"normal","fontVariant":"normal","fontWeight":"normal","letterSpacing":0,"lineHeight":1,"textAlign":"center","textDecoration":"none","textTransform":"none","whiteSpace":"pre-wrap","wordSpacing":0,"bbox":{"x":664,"y":496,"width":131.5169541348435,"height":23.67709996745174,"rotation":0,"padding":0,"scale":{"x":1,"y":1},"units":"userSpaceOnUse"},"blend":"normal","id":"067081b0-4250-4f43-a2af-369dd85e0fe4","idx":24,"pointerId":"you_65650","seed":1694262009,"type":"fancyText","fill":{"type":"color","method":"fill","blend":"normal","enabled":true,"opacity":1,"color":"#000000"},"highRes":false},{"content":"Insert Promote Code","fitText":true,"fontFamily":"open-sans","fontSize":21,"fontStyle":"normal","fontVariant":"normal","fontWeight":"normal","letterSpacing":0,"lineHeight":1,"textAlign":"center","textDecoration":"none","textTransform":"none","whiteSpace":"pre-wrap","wordSpacing":0,"bbox":{"x":619,"y":564,"width":211.81171858891827,"height":27.623266569283434,"rotation":0,"padding":0,"scale":{"x":1,"y":1},"units":"userSpaceOnUse"},"blend":"normal","id":"885aee1f-d05f-4cf7-a00f-fd0d75af7ba7","idx":25,"pointerId":"you_65650","seed":1694262009,"type":"fancyText","fill":{"type":"color","method":"fill","blend":"normal","enabled":true,"opacity":1,"color":"#000000"},"highRes":false},{"content":"Login","fitText":true,"fontFamily":"open-sans","fontSize":23.875,"fontStyle":"normal","fontVariant":"normal","fontWeight":"normal","letterSpacing":0,"lineHeight":1,"textAlign":"center","textDecoration":"none","textTransform":"none","whiteSpace":"pre-wrap","wordSpacing":0,"bbox":{"x":627,"y":638,"width":211.81171858891827,"height":27.623266569283434,"rotation":0,"padding":0,"scale":{"x":1,"y":1},"units":"userSpaceOnUse"},"blend":"normal","id":"179e9d4b-a20e-454a-bc96-edf421f8002d","idx":26,"pointerId":"you_65650","seed":1694262009,"type":"fancyText","fill":{"type":"color","method":"fill","blend":"normal","enabled":true,"opacity":1,"color":"#000000"},"highRes":false}]}