{"version":"5.1.316","config":{"title":"Drawing","description":"Made with Sketchpad - https://sketch.io/sketchpad","metadata":{},"clipPath":{"enabled":true,"style":{"strokeStyle":"black","lineWidth":1}},"exportDPI":72,"exportFormat":"png","exportQuality":0.95,"units":"px","width":1536,"height":743,"pages":{"length":1,"data":[{"width":1536,"height":743}]}},"resources":[{"id":10832,"type":["font"],"key":"open-sans","title":"Open Sans","value":{"italic 300":{"ttf":"https://asset.paintserver.com/54b4443404115cef4af765596ccf0ed3.ttf","woff":"https://asset.paintserver.com/ef63d6b7ecd52b58933ceab33d4ebc45.woff","style":"italic","woff2":"https://asset.paintserver.com/b64c6b71d1b13220e686cdb4a5405b78.woff2","weight":"300"},"italic 400":{"ttf":"https://asset.paintserver.com/bf243bcbf81560535385c47725f57dfe.ttf","woff":"https://asset.paintserver.com/e832417cd2119f5761e4ea2c7a4f1587.woff","style":"italic","woff2":"https://asset.paintserver.com/d4955e33747c4000180f9460f383c901.woff2","weight":"400"},"italic 600":{"ttf":"https://asset.paintserver.com/fc17ea62c914b2aaa9e89ecc519a8cb3.ttf","woff":"https://asset.paintserver.com/065b68f4d6fde45abfdf8aa26b2191de.woff","style":"italic","woff2":"https://asset.paintserver.com/101a8c0488566fa4cfff167846844c02.woff2","weight":"600"},"italic 700":{"ttf":"https://asset.paintserver.com/f40598dd8ea8593e91ab28aa48130cf1.ttf","woff":"https://asset.paintserver.com/f569a65473827e258ddaccb03186611c.woff","style":"italic","woff2":"https://asset.paintserver.com/eab33cd0cf7b99b5005ecaa761a35e25.woff2","weight":"700"},"italic 800":{"ttf":"https://asset.paintserver.com/617beb2703a6fccd227ab45754d73440.ttf","woff":"https://asset.paintserver.com/1a914741a00571b69954d915ecaff059.woff","style":"italic","woff2":"https://asset.paintserver.com/a5b961c7f33b94a6b15d07c74001de7c.woff2","weight":"800"},"normal 300":{"ttf":"https://asset.paintserver.com/9ff12f694e5951a6f51a9d63b05062e7.ttf","woff":"https://asset.paintserver.com/4314758f10fe8f7a1fe709df5c000129.woff","style":"normal","woff2":"https://asset.paintserver.com/691f774319fda1ccf9ea172ffaee815e.woff2","weight":"300"},"normal 400":{"ttf":"https://asset.paintserver.com/d7d5d4588a9f50c99264bc12e4892a7c.ttf","woff":"https://asset.paintserver.com/86f83cc557017c273dd44fa39d78a341.woff","style":"normal","woff2":"https://asset.paintserver.com/e78dce533ecee30c5efd812bb23c248d.woff2","weight":"400"},"normal 600":{"ttf":"https://asset.paintserver.com/e1c83f9474e0cc1d84a13c6d1ddf3ca5.ttf","woff":"https://asset.paintserver.com/b4f76501db86eb7c731e0437151d304f.woff","style":"normal","woff2":"https://asset.paintserver.com/e9681ca3d29d814a5621d4764dd1a11e.woff2","weight":"600"},"normal 700":{"ttf":"https://asset.paintserver.com/f5331cb6372b6c0d8baf2dd7e200498c.ttf","woff":"https://asset.paintserver.com/dd482b790e27ef56d5bb00a5d1fcdd6d.woff","style":"normal","woff2":"https://asset.paintserver.com/96f3835aa784a280a0e1e7fa64b97b60.woff2","weight":"700"},"normal 800":{"ttf":"https://asset.paintserver.com/49f89e34d03233b1f27788f75df7a40a.ttf","woff":"https://asset.paintserver.com/a466cad217882f3a29d6031a40c2588d.woff","style":"normal","woff2":"https://asset.paintserver.com/f12f942e33271945bc4689c8a40c53f0.woff2","weight":"800"}},"preview":{"italic 300":{"url":"https://asset.paintserver.com/open-sans-300italic.png","width":170,"height":80},"italic 400":{"url":"https://asset.paintserver.com/open-sans-italic.png","width":170,"height":80},"italic 600":{"url":"https://asset.paintserver.com/open-sans-600italic.png","width":170,"height":80},"italic 700":{"url":"https://asset.paintserver.com/open-sans-700italic.png","width":170,"height":80},"italic 800":{"url":"https://asset.paintserver.com/open-sans-800italic.png","width":170,"height":80},"normal 300":{"url":"https://asset.paintserver.com/open-sans-300.png","width":170,"height":80},"normal 400":{"url":"https://asset.paintserver.com/open-sans-regular.png","width":170,"height":80},"normal 600":{"url":"https://asset.paintserver.com/open-sans-600.png","width":170,"height":80},"normal 700":{"url":"https://asset.paintserver.com/open-sans-700.png","width":170,"height":80},"normal 800":{"url":"https://asset.paintserver.com/open-sans-800.png","width":170,"height":80}},"variants":["normal 300","italic 300","normal 400","italic 400","normal 600","italic 600","normal 700","italic 700","normal 800","italic 800"],"author":[{"bio":"<p>Steve is a typeface designer based in Louisville, Colorado, who manages a global team for Monotype. With over 25 years in the business, he has designed corporate faces for Android, Citrix, Microsoft, Nextel, and Xbox. Steve frequently researches and lectures about the work of typographer Frederic Goudy, and has produced revivals of Goudy’s Bertham, Friar, and Tory Text among many others. He is a letterpress printer, musician, author, and avid cyclist.</p>\n<p><a href=\"https://twitter.com/@SteveMatteson1\" target=\"_blank\">Twitter</a></p>\n","name":"Steve Matteson","email":"","filename":["OpenSans-Light.ttf","OpenSans-LightItalic.ttf","OpenSans-Regular.ttf","OpenSans-Italic.ttf","OpenSans-SemiBold.ttf","OpenSans-SemiBoldItalic.ttf","OpenSans-Bold.ttf","OpenSans-BoldItalic.ttf","OpenSans-ExtraBold.ttf","OpenSans-ExtraBoldItalic.ttf"],"imageUrl":"https://lh3.googleusercontent.com/sBRywRZboBbowOoU0atcuOZLCe4IHhCoKbLm5M_LNs-qlziJnk4Ndsrslw","copyright":"Digitized data copyright  2010-2011, Google Corporation."}],"defaultVariant":"normal 400"}],"layers":[{"name":"background","type":"rectangle","clampToDoc":true,"selectable":false,"stickTo":"back","stretchTo":"edge","fill":{"type":"color","method":"fill","blend":"normal","enabled":true,"opacity":1,"color":"#ffffff"},"bbox":{"x":0,"y":0,"width":1536,"height":743,"rotation":0,"padding":0,"scale":{"x":1,"y":1},"units":"userSpaceOnUse"},"id":"34cbf48b-26a5-4562-b179-abe59f4d6e13","seed":166325802,"idx":0,"highRes":false},{"cutout":0,"roundness":0,"blend":"source-over","type":"square","fill":{"type":"color","method":"fill","blend":"normal","enabled":true,"opacity":1,"color":"#e0b5ff","gradient":{"type":"linearGradient","noise":0,"spreadMethod":"pad","stops":[{"color":"#b5bdc8","offset":0},{"color":"#6e7881","offset":0.5},{"color":"#28343b","offset":1}],"x0":0,"y0":0.5,"x1":1,"y1":0.5}},"stroke":{"type":"color","method":"stroke","blend":"normal","enabled":true,"opacity":1,"lineDash":"none","lineDashOffset":0,"lineCap":"round","lineJoin":"miter","lineWidth":2,"miterLimit":4,"alignment":"center","color":"black"},"bbox":{"x":319,"y":112,"width":50,"height":50,"rotation":0,"padding":0,"scale":{"x":2.744939357698363,"y":2.744939357698363},"units":"userSpaceOnUse"},"id":"50345f99-bdbf-4c23-b615-2ebe5207d2ff","seed":1687036842,"idx":1,"pointerId":"you_65576","highRes":false},{"content":"Start Scene","fitText":true,"fontFamily":"open-sans","fontSize":18,"fontStyle":"normal","fontVariant":"normal","fontWeight":"normal","letterSpacing":0,"lineHeight":1,"textAlign":"center","textDecoration":"none","textTransform":"none","whiteSpace":"pre-wrap","wordSpacing":0,"blend":"normal","type":"fancyText","fill":{"type":"color","method":"fill","blend":"normal","enabled":true,"opacity":1,"color":"#000000"},"stroke":{"type":"color","method":"stroke","blend":"normal","enabled":false,"opacity":1,"lineDash":"none","lineDashOffset":0,"lineCap":"round","lineJoin":"miter","lineWidth":1,"miterLimit":4,"alignment":"center","color":"#ff0000"},"bbox":{"x":339,"y":142,"width":96.30177966194584,"height":25.316463005516905,"rotation":0,"padding":0,"scale":{"x":1,"y":1},"units":"userSpaceOnUse"},"id":"853e28d9-6432-45bd-b652-3adf5036e5df","seed":328715882,"idx":2,"pointerId":"you_65592","highRes":false},{"cutout":0,"roundness":0,"blend":"source-over","type":"square","fill":{"type":"color","method":"fill","blend":"normal","enabled":true,"opacity":1,"color":"#fffd07","gradient":{"type":"linearGradient","noise":0,"spreadMethod":"pad","stops":[{"color":"#b5bdc8","offset":0},{"color":"#6e7881","offset":0.5},{"color":"#28343b","offset":1}],"x0":0,"y0":0.5,"x1":1,"y1":0.5}},"stroke":{"type":"color","method":"stroke","blend":"normal","enabled":true,"opacity":1,"lineDash":"none","lineDashOffset":0,"lineCap":"round","lineJoin":"miter","lineWidth":2,"miterLimit":4,"alignment":"center","color":"black"},"bbox":{"x":371,"y":211,"width":50,"height":50,"rotation":0,"padding":0,"scale":{"x":0.684763740396225,"y":0.44129185030075513},"units":"userSpaceOnUse"},"id":"bd3588b3-87e5-40b5-8ff0-98b31b386963","seed":1767003212,"idx":3,"pointerId":"you_65630","highRes":false},{"content":"Start","fitText":true,"fontFamily":"open-sans","fontSize":12,"fontStyle":"normal","fontVariant":"normal","fontWeight":"normal","letterSpacing":0,"lineHeight":1,"textAlign":"center","textDecoration":"none","textTransform":"none","whiteSpace":"pre-wrap","wordSpacing":0,"blend":"normal","type":"fancyText","fill":{"type":"color","method":"fill","blend":"normal","enabled":true,"opacity":1,"color":"#000000"},"stroke":{"type":"color","method":"stroke","blend":"normal","enabled":false,"opacity":1,"lineDash":"none","lineDashOffset":0,"lineCap":"round","lineJoin":"miter","lineWidth":1,"miterLimit":4,"alignment":"center","color":"#ff0000"},"bbox":{"x":373.7390549615851,"y":216.4781099231698,"width":41.12297422498132,"height":14.358975337101862,"rotation":0,"padding":0,"scale":{"x":0.684763740396225,"y":0.684763740396225},"units":"userSpaceOnUse"},"id":"7205f38d-33e8-4a3a-a377-d71a674a2073","seed":2095829927,"idx":4,"pointerId":"you_65632","highRes":false},{"cutout":0,"roundness":0,"bbox":{"x":324,"y":212,"width":50,"height":50,"rotation":0,"padding":0,"scale":{"x":0.6153470895177433,"y":0.3965567095496961},"units":"userSpaceOnUse"},"id":"96daa67d-4646-4007-b1ce-013f9af73166","idx":5,"pointerId":"you_65630","seed":1767003212,"type":"square","fill":{"type":"color","method":"fill","blend":"normal","enabled":true,"opacity":1,"color":"#fffd07"},"stroke":{"type":"color","method":"stroke","blend":"normal","enabled":true,"opacity":1,"lineDash":"none","lineDashOffset":0,"lineCap":"round","lineJoin":"miter","lineWidth":2,"miterLimit":4,"alignment":"center","color":"#000000"},"highRes":false},{"content":"Settings","fitText":true,"fontFamily":"open-sans","fontSize":10.875,"fontStyle":"normal","fontVariant":"normal","fontWeight":"normal","letterSpacing":0,"lineHeight":1,"textAlign":"center","textDecoration":"none","textTransform":"none","whiteSpace":"pre-wrap","wordSpacing":0,"bbox":{"x":326.461388358071,"y":216.92277671614204,"width":41.12297422498132,"height":14.358975337101862,"rotation":0,"padding":0,"scale":{"x":0.6153470895177433,"y":0.6153470895177433},"units":"userSpaceOnUse"},"blend":"normal","id":"7e28a511-1c6e-4a54-a28a-2a51fdda9a47","idx":6,"pointerId":"you_65632","seed":2095829927,"type":"fancyText","fill":{"type":"color","method":"fill","blend":"normal","enabled":true,"opacity":1,"color":"#000000"},"highRes":false},{"cutout":0,"roundness":0,"bbox":{"x":418,"y":211,"width":50,"height":50,"rotation":0,"padding":0,"scale":{"x":0.7106129404707205,"y":0.45795021092462246},"units":"userSpaceOnUse"},"id":"99cb2261-c6fe-46c3-bd76-a185c54f4b9d","idx":7,"pointerId":"you_65630","seed":1767003212,"type":"square","fill":{"type":"color","method":"fill","blend":"normal","enabled":true,"opacity":1,"color":"#fffd07"},"stroke":{"type":"color","method":"stroke","blend":"normal","enabled":true,"opacity":1,"lineDash":"none","lineDashOffset":0,"lineCap":"round","lineJoin":"miter","lineWidth":2,"miterLimit":4,"alignment":"center","color":"#000000"},"highRes":false},{"content":"Shop","fitText":true,"fontFamily":"open-sans","fontSize":12,"fontStyle":"normal","fontVariant":"normal","fontWeight":"normal","letterSpacing":0,"lineHeight":1,"textAlign":"center","textDecoration":"none","textTransform":"none","whiteSpace":"pre-wrap","wordSpacing":0,"bbox":{"x":420.8424517618829,"y":217.39551646423644,"width":41.12297422498132,"height":14.358975337101862,"rotation":0,"padding":0,"scale":{"x":0.7106129404707205,"y":0.7106129404707205},"units":"userSpaceOnUse"},"blend":"normal","id":"5ad5da6a-612d-4c82-9c06-bb906c8c32b3","idx":8,"pointerId":"you_65632","seed":2095829927,"type":"fancyText","fill":{"type":"color","method":"fill","blend":"normal","enabled":true,"opacity":1,"color":"#000000"},"highRes":false},{"cutout":0,"roundness":0,"bbox":{"x":104,"y":254,"width":50,"height":50,"rotation":0,"padding":0,"scale":{"x":2.744939357698363,"y":2.744939357698363},"units":"userSpaceOnUse"},"id":"9ed686ed-aa1c-4dcf-8564-541e5767e927","idx":9,"pointerId":"you_65576","seed":1687036842,"type":"square","fill":{"type":"color","method":"fill","blend":"normal","enabled":true,"opacity":1,"color":"#e0b5ff"},"stroke":{"type":"color","method":"stroke","blend":"normal","enabled":true,"opacity":1,"lineDash":"none","lineDashOffset":0,"lineCap":"round","lineJoin":"miter","lineWidth":2,"miterLimit":4,"alignment":"center","color":"#000000"},"highRes":false},{"content":"Settings","fitText":true,"fontFamily":"open-sans","fontSize":22,"fontStyle":"normal","fontVariant":"normal","fontWeight":"normal","letterSpacing":0,"lineHeight":1,"textAlign":"center","textDecoration":"none","textTransform":"none","whiteSpace":"pre-wrap","wordSpacing":0,"bbox":{"x":124,"y":284,"width":96.30177966194584,"height":25.316463005516905,"rotation":0,"padding":0,"scale":{"x":1,"y":1},"units":"userSpaceOnUse"},"blend":"normal","id":"506a648c-e09e-4820-8b89-8ad848a2606b","idx":10,"pointerId":"you_65592","seed":328715882,"type":"fancyText","fill":{"type":"color","method":"fill","blend":"normal","enabled":true,"opacity":1,"color":"#000000"},"highRes":false},{"cutout":0,"roundness":0,"bbox":{"x":203,"y":353,"width":50,"height":50,"rotation":0,"padding":0,"scale":{"x":0.7106129404707205,"y":0.45795021092462246},"units":"userSpaceOnUse"},"id":"df1e5944-7560-4fc1-91ac-47d61ef120d6","idx":11,"pointerId":"you_65630","seed":1767003212,"type":"square","fill":{"type":"color","method":"fill","blend":"normal","enabled":true,"opacity":1,"color":"#fffd07"},"stroke":{"type":"color","method":"stroke","blend":"normal","enabled":true,"opacity":1,"lineDash":"none","lineDashOffset":0,"lineCap":"round","lineJoin":"miter","lineWidth":2,"miterLimit":4,"alignment":"center","color":"#000000"},"highRes":false},{"content":"Back","fitText":true,"fontFamily":"open-sans","fontSize":12,"fontStyle":"normal","fontVariant":"normal","fontWeight":"normal","letterSpacing":0,"lineHeight":1,"textAlign":"center","textDecoration":"none","textTransform":"none","whiteSpace":"pre-wrap","wordSpacing":0,"bbox":{"x":205.8424517618829,"y":359.39551646423644,"width":41.12297422498132,"height":14.358975337101862,"rotation":0,"padding":0,"scale":{"x":0.7106129404707205,"y":0.7106129404707205},"units":"userSpaceOnUse"},"blend":"normal","id":"9bcb3176-8222-48dc-a897-8680827e8f6f","idx":12,"pointerId":"you_65632","seed":2095829927,"type":"fancyText","fill":{"type":"color","method":"fill","blend":"normal","enabled":true,"opacity":1,"color":"#000000"},"highRes":false},{"cutout":0,"roundness":0,"bbox":{"x":299,"y":417,"width":50,"height":50,"rotation":0,"padding":0,"scale":{"x":2.744939357698363,"y":2.744939357698363},"units":"userSpaceOnUse"},"id":"a8a0e5aa-7b9d-48b3-8979-7ce7c0971f60","idx":13,"pointerId":"you_65576","seed":1687036842,"type":"square","fill":{"type":"color","method":"fill","blend":"normal","enabled":true,"opacity":1,"color":"#e0b5ff"},"stroke":{"type":"color","method":"stroke","blend":"normal","enabled":true,"opacity":1,"lineDash":"none","lineDashOffset":0,"lineCap":"round","lineJoin":"miter","lineWidth":2,"miterLimit":4,"alignment":"center","color":"#000000"},"highRes":false},{"content":"Shop","fitText":true,"fontFamily":"open-sans","fontSize":22,"fontStyle":"normal","fontVariant":"normal","fontWeight":"normal","letterSpacing":0,"lineHeight":1,"textAlign":"center","textDecoration":"none","textTransform":"none","whiteSpace":"pre-wrap","wordSpacing":0,"bbox":{"x":319,"y":446,"width":96.30177966194584,"height":25.316463005516905,"rotation":0,"padding":0,"scale":{"x":1,"y":1},"units":"userSpaceOnUse"},"blend":"normal","id":"97818c12-7d5d-4763-8f70-505b880ce0b4","idx":14,"pointerId":"you_65592","seed":328715882,"type":"fancyText","fill":{"type":"color","method":"fill","blend":"normal","enabled":true,"opacity":1,"color":"#000000"},"highRes":false},{"cutout":0,"roundness":0,"bbox":{"x":398,"y":516,"width":50,"height":50,"rotation":0,"padding":0,"scale":{"x":0.7106129404707205,"y":0.45795021092462246},"units":"userSpaceOnUse"},"id":"d560c376-f531-4e6c-9fa5-891b8c02efd1","idx":15,"pointerId":"you_65630","seed":1767003212,"type":"square","fill":{"type":"color","method":"fill","blend":"normal","enabled":true,"opacity":1,"color":"#fffd07"},"stroke":{"type":"color","method":"stroke","blend":"normal","enabled":true,"opacity":1,"lineDash":"none","lineDashOffset":0,"lineCap":"round","lineJoin":"miter","lineWidth":2,"miterLimit":4,"alignment":"center","color":"#000000"},"highRes":false},{"content":"Back","fitText":true,"fontFamily":"open-sans","fontSize":12,"fontStyle":"normal","fontVariant":"normal","fontWeight":"normal","letterSpacing":0,"lineHeight":1,"textAlign":"center","textDecoration":"none","textTransform":"none","whiteSpace":"pre-wrap","wordSpacing":0,"bbox":{"x":400.8424517618829,"y":522.3955164642364,"width":41.12297422498132,"height":14.358975337101862,"rotation":0,"padding":0,"scale":{"x":0.7106129404707205,"y":0.7106129404707205},"units":"userSpaceOnUse"},"blend":"normal","id":"2f7d514c-c783-4661-ae28-1c6b29421888","idx":16,"pointerId":"you_65632","seed":2095829927,"type":"fancyText","fill":{"type":"color","method":"fill","blend":"normal","enabled":true,"opacity":1,"color":"#000000"},"highRes":false},{"cutout":0,"roundness":0,"bbox":{"x":596,"y":155,"width":50,"height":50,"rotation":0,"padding":0,"scale":{"x":2.744939357698363,"y":2.744939357698363},"units":"userSpaceOnUse"},"id":"a48e4b6f-7a38-49d7-a9fc-aff370b60404","idx":17,"pointerId":"you_65576","seed":1687036842,"type":"square","fill":{"type":"color","method":"fill","blend":"normal","enabled":true,"opacity":1,"color":"#e0b5ff"},"stroke":{"type":"color","method":"stroke","blend":"normal","enabled":true,"opacity":1,"lineDash":"none","lineDashOffset":0,"lineCap":"round","lineJoin":"miter","lineWidth":2,"miterLimit":4,"alignment":"center","color":"#000000"},"highRes":false},{"content":"Level Selection","fitText":true,"fontFamily":"open-sans","fontSize":13.875,"fontStyle":"normal","fontVariant":"normal","fontWeight":"normal","letterSpacing":0,"lineHeight":1,"textAlign":"center","textDecoration":"none","textTransform":"none","whiteSpace":"pre-wrap","wordSpacing":0,"bbox":{"x":616,"y":185,"width":96.30177966194584,"height":25.316463005516905,"rotation":0,"padding":0,"scale":{"x":1,"y":1},"units":"userSpaceOnUse"},"blend":"normal","id":"3cbe7fb8-95f0-4220-bb68-c5356028d6c1","idx":18,"pointerId":"you_65592","seed":328715882,"type":"fancyText","fill":{"type":"color","method":"fill","blend":"normal","enabled":true,"opacity":1,"color":"#000000"},"highRes":false},{"cutout":0,"roundness":0,"bbox":{"x":648,"y":254,"width":50,"height":50,"rotation":0,"padding":0,"scale":{"x":0.684763740396225,"y":0.44129185030075513},"units":"userSpaceOnUse"},"id":"6e00408b-a1d0-4e8c-915d-2b08fec97ddc","idx":19,"pointerId":"you_65630","seed":1767003212,"type":"square","fill":{"type":"color","method":"fill","blend":"normal","enabled":true,"opacity":1,"color":"#fffd07"},"stroke":{"type":"color","method":"stroke","blend":"normal","enabled":true,"opacity":1,"lineDash":"none","lineDashOffset":0,"lineCap":"round","lineJoin":"miter","lineWidth":2,"miterLimit":4,"alignment":"center","color":"#000000"},"highRes":false},{"content":"Start","fitText":true,"fontFamily":"open-sans","fontSize":12.875,"fontStyle":"normal","fontVariant":"normal","fontWeight":"normal","letterSpacing":0,"lineHeight":1,"textAlign":"center","textDecoration":"none","textTransform":"none","whiteSpace":"pre-wrap","wordSpacing":0,"bbox":{"x":650.7390549615851,"y":259.47810992316977,"width":41.12297422498132,"height":14.358975337101862,"rotation":0,"padding":0,"scale":{"x":0.684763740396225,"y":0.684763740396225},"units":"userSpaceOnUse"},"blend":"normal","id":"b71a29a3-085b-4194-9ba3-808440332f2c","idx":20,"pointerId":"you_65632","seed":2095829927,"type":"fancyText","fill":{"type":"color","method":"fill","blend":"normal","enabled":true,"opacity":1,"color":"#000000"},"highRes":false},{"cutout":0,"roundness":0,"bbox":{"x":601,"y":255,"width":50,"height":50,"rotation":0,"padding":0,"scale":{"x":0.6153470895177433,"y":0.3965567095496961},"units":"userSpaceOnUse"},"id":"884b01b9-82a6-4deb-b818-dc1210b9647a","idx":21,"pointerId":"you_65630","seed":1767003212,"type":"square","fill":{"type":"color","method":"fill","blend":"normal","enabled":true,"opacity":1,"color":"#fffd07"},"stroke":{"type":"color","method":"stroke","blend":"normal","enabled":true,"opacity":1,"lineDash":"none","lineDashOffset":0,"lineCap":"round","lineJoin":"miter","lineWidth":2,"miterLimit":4,"alignment":"center","color":"#000000"},"highRes":false},{"content":"Back","fitText":true,"fontFamily":"open-sans","fontSize":12,"fontStyle":"normal","fontVariant":"normal","fontWeight":"normal","letterSpacing":0,"lineHeight":1,"textAlign":"center","textDecoration":"none","textTransform":"none","whiteSpace":"pre-wrap","wordSpacing":0,"bbox":{"x":603.461388358071,"y":259.92277671614204,"width":41.12297422498132,"height":14.358975337101862,"rotation":0,"padding":0,"scale":{"x":0.6153470895177433,"y":0.6153470895177433},"units":"userSpaceOnUse"},"blend":"normal","id":"2da13b18-1053-473e-9598-98caee7da0aa","idx":22,"pointerId":"you_65632","seed":2095829927,"type":"fancyText","fill":{"type":"color","method":"fill","blend":"normal","enabled":true,"opacity":1,"color":"#000000"},"highRes":false},{"cutout":0,"roundness":0,"bbox":{"x":616,"y":385,"width":50,"height":50,"rotation":0,"padding":0,"scale":{"x":2.744939357698363,"y":2.744939357698363},"units":"userSpaceOnUse"},"id":"9294a76e-4d92-4eef-9e32-0d141ee55526","idx":23,"pointerId":"you_65576","seed":1687036842,"type":"square","fill":{"type":"color","method":"fill","blend":"normal","enabled":true,"opacity":1,"color":"#e0b5ff","gradient":{"type":"linearGradient","noise":0,"spreadMethod":"pad","stops":[{"color":"#b5bdc8","offset":0},{"color":"#6e7881","offset":0.5},{"color":"#28343b","offset":1}],"x0":0,"y0":0.5,"x1":1,"y1":0.5}},"stroke":{"type":"color","method":"stroke","blend":"normal","enabled":true,"opacity":1,"lineDash":"none","lineDashOffset":0,"lineCap":"round","lineJoin":"miter","lineWidth":2,"miterLimit":4,"alignment":"center","color":"black"},"highRes":false},{"cutout":0,"roundness":0,"bbox":{"x":668,"y":484,"width":50,"height":50,"rotation":0,"padding":0,"scale":{"x":0.684763740396225,"y":0.44129185030075513},"units":"userSpaceOnUse"},"id":"2cbc2968-e692-4694-a2ce-65b5fe970193","idx":24,"pointerId":"you_65630","seed":1767003212,"type":"square","fill":{"type":"color","method":"fill","blend":"normal","enabled":true,"opacity":1,"color":"#fffd07","gradient":{"type":"linearGradient","noise":0,"spreadMethod":"pad","stops":[{"color":"#b5bdc8","offset":0},{"color":"#6e7881","offset":0.5},{"color":"#28343b","offset":1}],"x0":0,"y0":0.5,"x1":1,"y1":0.5}},"stroke":{"type":"color","method":"stroke","blend":"normal","enabled":true,"opacity":1,"lineDash":"none","lineDashOffset":0,"lineCap":"round","lineJoin":"miter","lineWidth":2,"miterLimit":4,"alignment":"center","color":"black"},"highRes":false},{"content":"Select LV","fitText":true,"fontFamily":"open-sans","fontSize":9.875,"fontStyle":"normal","fontVariant":"normal","fontWeight":"normal","letterSpacing":0,"lineHeight":1,"textAlign":"center","textDecoration":"none","textTransform":"none","whiteSpace":"pre-wrap","wordSpacing":0,"bbox":{"x":670.7390549615851,"y":489.47810992316977,"width":41.12297422498132,"height":14.358975337101862,"rotation":0,"padding":0,"scale":{"x":0.684763740396225,"y":0.684763740396225},"units":"userSpaceOnUse"},"blend":"normal","id":"33d22644-fb7c-4cc0-956e-66c950f59132","idx":25,"pointerId":"you_65632","seed":2095829927,"type":"fancyText","fill":{"type":"color","method":"fill","blend":"normal","enabled":true,"opacity":1,"color":"#000000"},"stroke":{"type":"color","method":"stroke","blend":"normal","enabled":false,"opacity":1,"lineDash":"none","lineDashOffset":0,"lineCap":"round","lineJoin":"miter","lineWidth":1,"miterLimit":4,"alignment":"center","color":"#ff0000"},"highRes":false},{"cutout":0,"roundness":0,"bbox":{"x":621,"y":485,"width":50,"height":50,"rotation":0,"padding":0,"scale":{"x":0.6153470895177433,"y":0.3965567095496961},"units":"userSpaceOnUse"},"id":"cc333822-74a4-406b-b784-2d303e51a8a6","idx":26,"pointerId":"you_65630","seed":1767003212,"type":"square","fill":{"type":"color","method":"fill","blend":"normal","enabled":true,"opacity":1,"color":"#fffd07"},"stroke":{"type":"color","method":"stroke","blend":"normal","enabled":true,"opacity":1,"lineDash":"none","lineDashOffset":0,"lineCap":"round","lineJoin":"miter","lineWidth":2,"miterLimit":4,"alignment":"center","color":"#000000"},"highRes":false},{"content":"Home","fitText":true,"fontFamily":"open-sans","fontSize":12,"fontStyle":"normal","fontVariant":"normal","fontWeight":"normal","letterSpacing":0,"lineHeight":1,"textAlign":"center","textDecoration":"none","textTransform":"none","whiteSpace":"pre-wrap","wordSpacing":0,"bbox":{"x":623.461388358071,"y":489.92277671614204,"width":41.12297422498132,"height":14.358975337101862,"rotation":0,"padding":0,"scale":{"x":0.6153470895177433,"y":0.6153470895177433},"units":"userSpaceOnUse"},"blend":"normal","id":"90b36829-cf7b-45f7-9103-55a6487c162a","idx":27,"pointerId":"you_65632","seed":2095829927,"type":"fancyText","fill":{"type":"color","method":"fill","blend":"normal","enabled":true,"opacity":1,"color":"#000000"},"highRes":false},{"iteration":1,"blend":"source-over","seed":1,"type":"polyline","fill":{"type":"color","method":"fill","blend":"normal","enabled":false,"opacity":1,"color":"#ff5b5b","gradient":{"type":"linearGradient","noise":0,"spreadMethod":"pad","stops":[{"color":"#b5bdc8","offset":0},{"color":"#6e7881","offset":0.5},{"color":"#28343b","offset":1}],"x0":0,"y0":0.5,"x1":1,"y1":0.5}},"stroke":{"type":"color","method":"stroke","blend":"normal","enabled":true,"opacity":1,"lineDash":"none","lineDashOffset":0,"lineCap":"round","lineJoin":"miter","lineWidth":1,"miterLimit":4,"alignment":"center","color":"#ff5b5b"},"bbox":{"x":39,"y":140,"width":61,"height":5,"rotation":0,"padding":1,"scale":{"x":1,"y":1},"units":"userSpaceOnUse"},"id":"4edd151b-c0cf-480d-b533-601ca4c90b04","idx":28,"pointerId":"you_65846","data":[{"cmd":"M","x":0,"y":1},{"cmd":"L","x":12,"y":0},{"cmd":"L","x":25,"y":1},{"cmd":"L","x":37,"y":2},{"cmd":"L","x":49,"y":2},{"cmd":"L","x":59,"y":3}],"pathHash":3074517654},{"blur":10,"diameter":40,"iteration":1,"blend":"erase","seed":1,"type":"eraser","fill":{"type":"gradient","method":"fill","blend":"normal","enabled":false,"opacity":0,"gradient":{"type":"linearGradient","noise":0,"spreadMethod":"pad","stops":[{"color":"#b5bdc8","offset":0},{"color":"#6e7881","offset":0.5},{"color":"#28343b","offset":1}],"x0":0.5,"y0":0,"x1":0.5,"y1":1},"color":"#000000"},"stroke":{"type":"pattern","method":"stroke","blend":"normal","enabled":true,"opacity":1,"lineDash":"none","lineDashOffset":0,"lineCap":"round","lineJoin":"miter","lineWidth":1,"miterLimit":4,"alignment":"center","pattern":{"type":"pattern","x0":0.5,"y0":0.5,"x1":1,"y1":1,"sx":1,"sy":1,"reflect":"no-reflect","repeat":"repeat","smoothing":true,"src":"transparent"},"color":"black"},"bbox":{"x":-13.020917233018682,"y":91.30291470306287,"width":168.02584682405458,"height":92.69708529693713,"rotation":0,"padding":30,"scale":{"x":1,"y":1},"units":"userSpaceOnUse"},"id":"f254edb3-1fd3-4dad-9ad5-977a200ebfa5","idx":29,"pointerId":"you_65873","data":[{"x":84.02091723301868,"y":14.697085296937132,"cmd":"M"},{"x":85.02091723301868,"y":12.697085296937132,"cmd":"L"},{"x":83.02091723301868,"y":13.697085296937132,"cmd":"L"},{"x":81.02091723301868,"y":14.697085296937132,"cmd":"L"},{"x":74.02091723301868,"y":16.697085296937132,"cmd":"L"},{"x":66.02091723301868,"y":20.697085296937132,"cmd":"L"},{"x":54.02091723301868,"y":23.697085296937132,"cmd":"L"},{"x":44.02091723301868,"y":25.697085296937132,"cmd":"L"},{"x":40.02091723301868,"y":26.697085296937132,"cmd":"L"},{"x":39.02091723301868,"y":27.697085296937132,"cmd":"L"},{"x":37.02091723301868,"y":27.697085296937132,"cmd":"L"},{"x":32.02091723301868,"y":27.697085296937132,"cmd":"L"},{"x":24.020917233018682,"y":27.697085296937132,"cmd":"L"},{"x":11.020917233018682,"y":27.697085296937132,"cmd":"L"},{"x":2.0209172330186824,"y":27.697085296937132,"cmd":"L"},{"x":0.020917233018682424,"y":26.697085296937132,"cmd":"L"},{"x":7.020917233018682,"y":21.697085296937132,"cmd":"L"},{"x":25.020917233018682,"y":14.697085296937132,"cmd":"L"},{"x":55.02091723301868,"y":7.697085296937132,"cmd":"L"},{"x":87.02091723301868,"y":1.6970852969371322,"cmd":"L"},{"x":103.02091723301868,"y":0.6970852969371322,"cmd":"L"},{"x":108.02091723301868,"y":0.6970852969371322,"cmd":"L"},{"x":35.02091723301868,"y":30.697085296937132,"cmd":"L"},{"x":33.02091723301868,"y":31.697085296937132,"cmd":"L"},{"x":32.02091723301868,"y":32.69708529693713,"cmd":"L"}],"pathHash":1114124416},{"diameter":2,"iteration":1,"blend":"source-over","seed":1,"type":"pencil","fill":{"type":"color","method":"fill","blend":"normal","enabled":false,"opacity":1,"color":"#ffffff","gradient":{"type":"linearGradient","noise":0,"spreadMethod":"pad","stops":[{"color":"#b5bdc8","offset":0},{"color":"#6e7881","offset":0.5},{"color":"#28343b","offset":1}],"x0":0,"y0":0.5,"x1":1,"y1":0.5}},"stroke":{"type":"color","method":"stroke","blend":"normal","enabled":true,"opacity":1,"lineDash":"none","lineDashOffset":0,"lineCap":"round","lineJoin":"miter","lineWidth":1,"miterLimit":4,"alignment":"center","color":"#ff5b5b"},"bbox":{"x":56,"y":176,"width":2.009999999999998,"height":2.009999999999991,"rotation":0,"padding":1,"scale":{"x":1,"y":1},"units":"userSpaceOnUse"},"id":"033fdf93-b0d4-4780-8e5a-bf78151936c8","idx":30,"pointerId":"you_65878","data":[{"x":0,"y":0,"cmd":"M"},{"x":0.00999999999999801,"y":0.009999999999990905,"cmd":"L"}],"pathHash":1087244049},{"diameter":2,"iteration":1,"blend":"source-over","seed":895998512,"type":"pencil","fill":{"type":"color","method":"fill","blend":"normal","enabled":false,"opacity":1,"color":"#ffffff","gradient":{"type":"linearGradient","noise":0,"spreadMethod":"pad","stops":[{"color":"#b5bdc8","offset":0},{"color":"#6e7881","offset":0.5},{"color":"#28343b","offset":1}],"x0":0,"y0":0.5,"x1":1,"y1":0.5}},"stroke":{"type":"color","method":"stroke","blend":"normal","enabled":true,"opacity":1,"lineDash":"none","lineDashOffset":0,"lineCap":"round","lineJoin":"miter","lineWidth":1,"miterLimit":4,"alignment":"center","color":"#ffffff"},"bbox":{"x":90,"y":148.01,"width":2.010000000000005,"height":2.990000000000009,"rotation":0,"padding":1,"scale":{"x":1,"y":1},"units":"userSpaceOnUse"},"id":"41598559-6f55-4730-a3a5-7a4aff8961ed","idx":31,"pointerId":"you_65882","data":[{"x":0,"y":0.9900000000000091,"cmd":"M"},{"x":0,"y":-0.009999999999990905,"cmd":"L"}],"pathHash":3047428717},{"diameter":2,"iteration":1,"blend":"source-over","seed":1904897182,"type":"pencil","fill":{"type":"color","method":"fill","blend":"normal","enabled":false,"opacity":1,"color":"#ffffff","gradient":{"type":"linearGradient","noise":0,"spreadMethod":"pad","stops":[{"color":"#b5bdc8","offset":0},{"color":"#6e7881","offset":0.5},{"color":"#28343b","offset":1}],"x0":0,"y0":0.5,"x1":1,"y1":0.5}},"stroke":{"type":"color","method":"stroke","blend":"normal","enabled":true,"opacity":1,"lineDash":"none","lineDashOffset":0,"lineCap":"round","lineJoin":"miter","lineWidth":1,"miterLimit":4,"alignment":"center","color":"#ffffff"},"bbox":{"x":29.890678277620985,"y":99.9376171773221,"width":139.11700927441566,"height":84.37885181674599,"rotation":0,"padding":1,"scale":{"x":1,"y":1},"units":"userSpaceOnUse"},"id":"74ff7cf2-03d2-4c2b-8f1b-c95c701ac661","idx":32,"pointerId":"you_65883","data":[{"x":102.10932172237901,"y":48.062382822677904,"cmd":"M"},{"x":103.10932172237901,"y":49.062382822677904,"cmd":"L"},{"x":104.10932172237901,"y":51.062382822677904,"cmd":"L"},{"x":100.10932172237901,"y":56.062382822677904,"cmd":"L"},{"x":36.109321722379015,"y":79.0623828226779,"cmd":"L"},{"x":14.109321722379015,"y":81.0623828226779,"cmd":"L"},{"x":2.109321722379015,"y":81.0623828226779,"cmd":"L"},{"x":0.10932172237901483,"y":76.0623828226779,"cmd":"L"},{"x":12.109321722379015,"y":64.0623828226779,"cmd":"L"},{"x":44.109321722379015,"y":41.062382822677904,"cmd":"L"},{"x":85.10932172237901,"y":19.062382822677904,"cmd":"L"},{"x":119.10932172237901,"y":5.062382822677904,"cmd":"L"},{"x":136.109321722379,"y":0.06238282267790396,"cmd":"L"},{"x":137.109321722379,"y":1.062382822677904,"cmd":"L"},{"x":121.10932172237901,"y":10.062382822677904,"cmd":"L"},{"x":84.10932172237901,"y":30.062382822677904,"cmd":"L"},{"x":44.109321722379015,"y":51.062382822677904,"cmd":"L"},{"x":14.109321722379015,"y":65.0623828226779,"cmd":"L"},{"x":2.109321722379015,"y":70.0623828226779,"cmd":"L"},{"x":11.109321722379015,"y":65.0623828226779,"cmd":"L"},{"x":30.109321722379015,"y":57.062382822677904,"cmd":"L"},{"x":54.109321722379015,"y":48.062382822677904,"cmd":"L"},{"x":68.10932172237901,"y":44.062382822677904,"cmd":"L"},{"x":72.10932172237901,"y":44.062382822677904,"cmd":"L"},{"x":69.10932172237901,"y":51.062382822677904,"cmd":"L"},{"x":58.109321722379015,"y":61.062382822677904,"cmd":"L"},{"x":42.109321722379015,"y":73.0623828226779,"cmd":"L"},{"x":30.109321722379015,"y":78.0623828226779,"cmd":"L"},{"x":27.109321722379015,"y":80.0623828226779,"cmd":"L"},{"x":28.109321722379015,"y":79.0623828226779,"cmd":"L"},{"x":42.109321722379015,"y":71.0623828226779,"cmd":"L"},{"x":65.10932172237901,"y":61.062382822677904,"cmd":"L"},{"x":92.10932172237901,"y":51.062382822677904,"cmd":"L"},{"x":105.10932172237901,"y":48.062382822677904,"cmd":"L"},{"x":107.10932172237901,"y":49.062382822677904,"cmd":"L"},{"x":92.10932172237901,"y":56.062382822677904,"cmd":"L"},{"x":66.10932172237901,"y":65.0623828226779,"cmd":"L"},{"x":34.109321722379015,"y":75.0623828226779,"cmd":"L"},{"x":11.109321722379015,"y":79.0623828226779,"cmd":"L"},{"x":3.109321722379015,"y":80.0623828226779,"cmd":"L"},{"x":4.109321722379015,"y":76.0623828226779,"cmd":"L"},{"x":19.109321722379015,"y":66.0623828226779,"cmd":"L"},{"x":41.109321722379015,"y":55.062382822677904,"cmd":"L"},{"x":60.109321722379015,"y":46.062382822677904,"cmd":"L"},{"x":69.10932172237901,"y":42.062382822677904,"cmd":"L"},{"x":60.109321722379015,"y":44.062382822677904,"cmd":"L"},{"x":45.109321722379015,"y":49.062382822677904,"cmd":"L"},{"x":28.109321722379015,"y":53.062382822677904,"cmd":"L"},{"x":21.109321722379015,"y":55.062382822677904,"cmd":"L"},{"x":20.109321722379015,"y":54.062382822677904,"cmd":"L"},{"x":26.109321722379015,"y":50.062382822677904,"cmd":"L"},{"x":36.109321722379015,"y":43.062382822677904,"cmd":"L"},{"x":48.109321722379015,"y":37.062382822677904,"cmd":"L"},{"x":53.109321722379015,"y":35.062382822677904,"cmd":"L"},{"x":54.109321722379015,"y":35.062382822677904,"cmd":"L"},{"x":51.109321722379015,"y":39.062382822677904,"cmd":"L"},{"x":43.109321722379015,"y":46.062382822677904,"cmd":"L"},{"x":36.109321722379015,"y":51.062382822677904,"cmd":"L"},{"x":32.109321722379015,"y":54.062382822677904,"cmd":"L"},{"x":30.109321722379015,"y":55.062382822677904,"cmd":"L"},{"x":31.109321722379015,"y":55.062382822677904,"cmd":"L"},{"x":35.109321722379015,"y":53.062382822677904,"cmd":"L"},{"x":42.109321722379015,"y":51.062382822677904,"cmd":"L"},{"x":54.109321722379015,"y":50.062382822677904,"cmd":"L"},{"x":69.10932172237901,"y":50.062382822677904,"cmd":"L"},{"x":79.10932172237901,"y":50.062382822677904,"cmd":"L"},{"x":82.10932172237901,"y":52.062382822677904,"cmd":"L"},{"x":82.10932172237901,"y":55.062382822677904,"cmd":"L"},{"x":76.10932172237901,"y":60.062382822677904,"cmd":"L"},{"x":68.10932172237901,"y":67.0623828226779,"cmd":"L"},{"x":59.109321722379015,"y":73.0623828226779,"cmd":"L"},{"x":54.109321722379015,"y":76.0623828226779,"cmd":"L"},{"x":53.109321722379015,"y":76.0623828226779,"cmd":"L"},{"x":53.109321722379015,"y":74.0623828226779,"cmd":"L"},{"x":57.109321722379015,"y":70.0623828226779,"cmd":"L"},{"x":57.109321722379015,"y":69.0623828226779,"cmd":"L"}],"pathHash":3924590497},{"pathSpacing":{"type":0,"flatness":0.5},"diameter":25,"iteration":52,"tipAngle":45,"blend":"source-over","seed":150394613,"type":"calligraphy","fill":{"type":"color","method":"fill","blend":"normal","enabled":false,"opacity":1,"color":"#ffffff","gradient":{"type":"linearGradient","noise":0,"spreadMethod":"pad","stops":[{"color":"#b5bdc8","offset":0},{"color":"#6e7881","offset":0.5},{"color":"#28343b","offset":1}],"x0":0,"y0":0.5,"x1":1,"y1":0.5}},"stroke":{"type":"color","method":"stroke","blend":"normal","enabled":true,"opacity":1,"lineDash":"none","lineDashOffset":0,"lineCap":"round","lineJoin":"miter","lineWidth":1,"miterLimit":4,"alignment":"center","color":"#ffffff"},"bbox":{"x":-66,"y":80.8888251181439,"width":296,"height":127.1111748818561,"rotation":0,"padding":13,"scale":{"x":1,"y":1},"units":"userSpaceOnUse"},"id":"74bf9d48-bcad-4598-a044-05f36bfb63a6","idx":33,"pointerId":"you_65886","data":[{"x":176,"y":77.1111748818561,"cmd":"M"},{"x":171,"y":75.1111748818561,"cmd":"L"},{"x":159,"y":73.1111748818561,"cmd":"L"},{"x":136,"y":72.1111748818561,"cmd":"L"},{"x":111,"y":71.1111748818561,"cmd":"L"},{"x":96,"y":70.1111748818561,"cmd":"L"},{"x":95,"y":68.1111748818561,"cmd":"L"},{"x":118,"y":60.1111748818561,"cmd":"L"},{"x":162,"y":49.1111748818561,"cmd":"L"},{"x":217,"y":40.1111748818561,"cmd":"L"},{"x":259,"y":37.1111748818561,"cmd":"L"},{"x":270,"y":40.1111748818561,"cmd":"L"},{"x":262,"y":48.1111748818561,"cmd":"L"},{"x":223,"y":63.1111748818561,"cmd":"L"},{"x":170,"y":76.1111748818561,"cmd":"L"},{"x":118,"y":83.1111748818561,"cmd":"L"},{"x":84,"y":83.1111748818561,"cmd":"L"},{"x":77,"y":78.1111748818561,"cmd":"L"},{"x":89,"y":68.1111748818561,"cmd":"L"},{"x":124,"y":51.1111748818561,"cmd":"L"},{"x":157,"y":40.1111748818561,"cmd":"L"},{"x":174,"y":36.1111748818561,"cmd":"L"},{"x":175,"y":36.1111748818561,"cmd":"L"},{"x":154,"y":43.1111748818561,"cmd":"L"},{"x":118,"y":54.1111748818561,"cmd":"L"},{"x":71,"y":64.1111748818561,"cmd":"L"},{"x":46,"y":67.1111748818561,"cmd":"L"},{"x":38,"y":67.1111748818561,"cmd":"L"},{"x":41,"y":64.1111748818561,"cmd":"L"},{"x":60,"y":56.1111748818561,"cmd":"L"},{"x":87,"y":47.1111748818561,"cmd":"L"},{"x":109,"y":42.1111748818561,"cmd":"L"},{"x":118,"y":42.1111748818561,"cmd":"L"},{"x":118,"y":49.1111748818561,"cmd":"L"},{"x":110,"y":60.1111748818561,"cmd":"L"},{"x":99,"y":72.1111748818561,"cmd":"L"},{"x":89,"y":83.1111748818561,"cmd":"L"},{"x":86,"y":88.1111748818561,"cmd":"L"},{"x":87,"y":88.1111748818561,"cmd":"L"},{"x":100,"y":81.1111748818561,"cmd":"L"},{"x":130,"y":65.1111748818561,"cmd":"L"},{"x":162,"y":54.1111748818561,"cmd":"L"},{"x":182,"y":48.1111748818561,"cmd":"L"},{"x":190,"y":47.1111748818561,"cmd":"L"},{"x":189,"y":52.1111748818561,"cmd":"L"},{"x":175,"y":65.1111748818561,"cmd":"L"},{"x":154,"y":82.1111748818561,"cmd":"L"},{"x":131,"y":97.1111748818561,"cmd":"L"},{"x":121,"y":101.1111748818561,"cmd":"L"},{"x":119,"y":99.1111748818561,"cmd":"L"},{"x":130,"y":87.1111748818561,"cmd":"L"},{"x":153,"y":66.1111748818561,"cmd":"L"},{"x":182,"y":44.1111748818561,"cmd":"L"},{"x":205,"y":28.1111748818561,"cmd":"L"},{"x":212,"y":23.1111748818561,"cmd":"L"},{"x":209,"y":25.1111748818561,"cmd":"L"},{"x":189,"y":35.1111748818561,"cmd":"L"},{"x":160,"y":49.1111748818561,"cmd":"L"},{"x":135,"y":59.1111748818561,"cmd":"L"},{"x":119,"y":64.1111748818561,"cmd":"L"},{"x":114,"y":64.1111748818561,"cmd":"L"},{"x":118,"y":58.1111748818561,"cmd":"L"},{"x":133,"y":46.1111748818561,"cmd":"L"},{"x":154,"y":32.1111748818561,"cmd":"L"},{"x":168,"y":23.1111748818561,"cmd":"L"},{"x":171,"y":21.1111748818561,"cmd":"L"},{"x":162,"y":24.1111748818561,"cmd":"L"},{"x":136,"y":37.1111748818561,"cmd":"L"},{"x":88,"y":55.1111748818561,"cmd":"L"},{"x":43,"y":69.1111748818561,"cmd":"L"},{"x":13,"y":76.1111748818561,"cmd":"L"},{"x":0,"y":78.1111748818561,"cmd":"L"},{"x":3,"y":74.1111748818561,"cmd":"L"},{"x":25,"y":64.1111748818561,"cmd":"L"},{"x":137,"y":39.1111748818561,"cmd":"L"},{"x":72,"y":63.1111748818561,"cmd":"L"},{"x":68,"y":63.1111748818561,"cmd":"L"},{"x":75,"y":58.1111748818561,"cmd":"L"},{"x":96,"y":46.1111748818561,"cmd":"L"},{"x":128,"y":33.1111748818561,"cmd":"L"},{"x":155,"y":23.1111748818561,"cmd":"L"},{"x":169,"y":18.1111748818561,"cmd":"L"},{"x":167,"y":18.1111748818561,"cmd":"L"},{"x":147,"y":24.1111748818561,"cmd":"L"},{"x":112,"y":32.1111748818561,"cmd":"L"},{"x":75,"y":40.1111748818561,"cmd":"L"},{"x":45,"y":43.1111748818561,"cmd":"L"},{"x":40,"y":43.1111748818561,"cmd":"L"},{"x":42,"y":40.1111748818561,"cmd":"L"},{"x":92,"y":21.1111748818561,"cmd":"L"},{"x":139,"y":12.111174881856101,"cmd":"L"},{"x":130,"y":16.1111748818561,"cmd":"L"},{"x":111,"y":22.1111748818561,"cmd":"L"},{"x":84,"y":28.1111748818561,"cmd":"L"},{"x":68,"y":30.1111748818561,"cmd":"L"},{"x":63,"y":30.1111748818561,"cmd":"L"},{"x":66,"y":28.1111748818561,"cmd":"L"},{"x":79,"y":22.1111748818561,"cmd":"L"},{"x":102,"y":14.111174881856101,"cmd":"L"},{"x":125,"y":8.111174881856101,"cmd":"L"},{"x":135,"y":5.111174881856101,"cmd":"L"},{"x":136,"y":5.111174881856101,"cmd":"L"},{"x":126,"y":8.111174881856101,"cmd":"L"},{"x":106,"y":14.111174881856101,"cmd":"L"},{"x":90,"y":18.1111748818561,"cmd":"L"},{"x":79,"y":19.1111748818561,"cmd":"L"},{"x":79,"y":17.1111748818561,"cmd":"L"},{"x":86,"y":13.111174881856101,"cmd":"L"},{"x":104,"y":5.111174881856101,"cmd":"L"},{"x":125,"y":1.1111748818561011,"cmd":"L"},{"x":141,"y":0.11117488185610114,"cmd":"L"},{"x":152,"y":1.1111748818561011,"cmd":"L"},{"x":155,"y":8.111174881856101,"cmd":"L"},{"x":155,"y":20.1111748818561,"cmd":"L"},{"x":152,"y":33.1111748818561,"cmd":"L"},{"x":151,"y":39.1111748818561,"cmd":"L"},{"x":151,"y":41.1111748818561,"cmd":"L"},{"x":155,"y":40.1111748818561,"cmd":"L"},{"x":168,"y":33.1111748818561,"cmd":"L"},{"x":182,"y":25.1111748818561,"cmd":"L"},{"x":192,"y":18.1111748818561,"cmd":"L"},{"x":193,"y":15.111174881856101,"cmd":"L"},{"x":185,"y":14.111174881856101,"cmd":"L"},{"x":159,"y":17.1111748818561,"cmd":"L"},{"x":120,"y":24.1111748818561,"cmd":"L"},{"x":83,"y":32.1111748818561,"cmd":"L"},{"x":60,"y":34.1111748818561,"cmd":"L"},{"x":56,"y":35.1111748818561,"cmd":"L"},{"x":66,"y":31.1111748818561,"cmd":"L"},{"x":96,"y":24.1111748818561,"cmd":"L"},{"x":132,"y":18.1111748818561,"cmd":"L"},{"x":156,"y":16.1111748818561,"cmd":"L"},{"x":165,"y":16.1111748818561,"cmd":"L"},{"x":164,"y":21.1111748818561,"cmd":"L"},{"x":154,"y":28.1111748818561,"cmd":"L"},{"x":140,"y":37.1111748818561,"cmd":"L"},{"x":132,"y":40.1111748818561,"cmd":"L"},{"x":131,"y":41.1111748818561,"cmd":"L"},{"x":136,"y":39.1111748818561,"cmd":"L"},{"x":147,"y":33.1111748818561,"cmd":"L"},{"x":162,"y":24.1111748818561,"cmd":"L"},{"x":176,"y":17.1111748818561,"cmd":"L"},{"x":184,"y":13.111174881856101,"cmd":"L"},{"x":184,"y":12.111174881856101,"cmd":"L"},{"x":175,"y":14.111174881856101,"cmd":"L"},{"x":157,"y":21.1111748818561,"cmd":"L"},{"x":130,"y":28.1111748818561,"cmd":"L"},{"x":110,"y":32.1111748818561,"cmd":"L"},{"x":100,"y":33.1111748818561,"cmd":"L"},{"x":98,"y":33.1111748818561,"cmd":"L"},{"x":105,"y":31.1111748818561,"cmd":"L"},{"x":123,"y":27.1111748818561,"cmd":"L"},{"x":139,"y":24.1111748818561,"cmd":"L"},{"x":150,"y":23.1111748818561,"cmd":"L"},{"x":155,"y":23.1111748818561,"cmd":"L"},{"x":153,"y":25.1111748818561,"cmd":"L"},{"x":144,"y":31.1111748818561,"cmd":"L"},{"x":131,"y":39.1111748818561,"cmd":"L"},{"x":116,"y":44.1111748818561,"cmd":"L"},{"x":106,"y":48.1111748818561,"cmd":"L"},{"x":102,"y":49.1111748818561,"cmd":"L"},{"x":103,"y":49.1111748818561,"cmd":"L"},{"x":106,"y":48.1111748818561,"cmd":"L"},{"x":110,"y":46.1111748818561,"cmd":"L"},{"x":112,"y":46.1111748818561,"cmd":"L"}],"pathHash":1928536221},{"curved":false,"diameter":19.3,"iteration":1,"blend":"source-over","seed":776703633,"type":"arrow","fill":{"type":"color","method":"fill","blend":"normal","enabled":true,"opacity":1,"color":"#ff3737","gradient":{"type":"linearGradient","noise":0,"spreadMethod":"pad","stops":[{"color":"#b5bdc8","offset":0},{"color":"#6e7881","offset":0.5},{"color":"#28343b","offset":1}],"x0":0,"y0":0.5,"x1":1,"y1":0.5}},"stroke":{"type":"color","method":"stroke","blend":"normal","enabled":true,"opacity":1,"lineDash":"none","lineDashOffset":0,"lineCap":"round","lineJoin":"miter","lineWidth":1,"miterLimit":4,"alignment":"center","color":"#ff3737"},"bbox":{"x":346,"y":243,"width":128.01,"height":22.00999999999999,"rotation":2.8138541468092377,"padding":11,"scale":{"x":1,"y":1},"units":"userSpaceOnUse"},"id":"79d5b8b4-5ec6-4be3-bf56-6c437020fca7","idx":34,"pointerId":"you_65901","data":[{"x":0,"y":0,"cmd":"M"},{"x":106,"y":0,"cmd":"L"}],"pathHash":2880907779},{"curved":false,"diameter":19.3,"iteration":1,"blend":"source-over","seed":1908869903,"type":"arrow","fill":{"type":"color","method":"fill","blend":"normal","enabled":true,"opacity":1,"color":"#ff3737","gradient":{"type":"linearGradient","noise":0,"spreadMethod":"pad","stops":[{"color":"#b5bdc8","offset":0},{"color":"#6e7881","offset":0.5},{"color":"#28343b","offset":1}],"x0":0,"y0":0.5,"x1":1,"y1":0.5}},"stroke":{"type":"color","method":"stroke","blend":"normal","enabled":true,"opacity":1,"lineDash":"none","lineDashOffset":0,"lineCap":"round","lineJoin":"miter","lineWidth":1,"miterLimit":4,"alignment":"center","color":"#ff3737"},"bbox":{"x":225,"y":366,"width":156.01,"height":22.00999999999999,"rotation":-0.9064958404742038,"padding":11,"scale":{"x":1,"y":1},"units":"userSpaceOnUse"},"id":"57faa927-43ef-4231-b0f3-d50c2770a969","idx":35,"pointerId":"you_65902","data":[{"x":0,"y":0,"cmd":"M"},{"x":134,"y":0,"cmd":"L"}],"pathHash":2197591586},{"curved":false,"diameter":19.3,"iteration":1,"blend":"source-over","seed":1038127679,"type":"arrow","fill":{"type":"color","method":"fill","blend":"normal","enabled":true,"opacity":1,"color":"#ff3737","gradient":{"type":"linearGradient","noise":0,"spreadMethod":"pad","stops":[{"color":"#b5bdc8","offset":0},{"color":"#6e7881","offset":0.5},{"color":"#28343b","offset":1}],"x0":0,"y0":0.5,"x1":1,"y1":0.5}},"stroke":{"type":"color","method":"stroke","blend":"normal","enabled":true,"opacity":1,"lineDash":"none","lineDashOffset":0,"lineCap":"round","lineJoin":"miter","lineWidth":1,"miterLimit":4,"alignment":"center","color":"#ff3737"},"bbox":{"x":445,"y":228,"width":198.01,"height":22.00999999999999,"rotation":1.7415315382701795,"padding":11,"scale":{"x":1,"y":1},"units":"userSpaceOnUse"},"id":"b0dda4b0-82bc-46f6-873c-b99f73419c0a","idx":36,"pointerId":"you_65903","data":[{"x":0,"y":0,"cmd":"M"},{"x":176,"y":0,"cmd":"L"}],"pathHash":2212529060},{"curved":false,"diameter":19.3,"iteration":1,"blend":"source-over","seed":78884383,"type":"arrow","fill":{"type":"color","method":"fill","blend":"normal","enabled":true,"opacity":1,"color":"#ff3737","gradient":{"type":"linearGradient","noise":0,"spreadMethod":"pad","stops":[{"color":"#b5bdc8","offset":0},{"color":"#6e7881","offset":0.5},{"color":"#28343b","offset":1}],"x0":0,"y0":0.5,"x1":1,"y1":0.5}},"stroke":{"type":"color","method":"stroke","blend":"normal","enabled":true,"opacity":1,"lineDash":"none","lineDashOffset":0,"lineCap":"round","lineJoin":"miter","lineWidth":1,"miterLimit":4,"alignment":"center","color":"#ff3737"},"bbox":{"x":423,"y":528,"width":287.01,"height":22.00999999999999,"rotation":-1.5178156508907934,"padding":11,"scale":{"x":1,"y":1},"units":"userSpaceOnUse"},"id":"ee7372c2-f621-46f0-8401-5bd0b151ce40","idx":37,"pointerId":"you_65904","data":[{"x":0,"y":0,"cmd":"M"},{"x":265,"y":0,"cmd":"L"}],"pathHash":2292091717},{"curved":false,"diameter":19.3,"iteration":1,"blend":"source-over","seed":1450265239,"type":"arrow","fill":{"type":"color","method":"fill","blend":"normal","enabled":true,"opacity":1,"color":"#ff3737","gradient":{"type":"linearGradient","noise":0,"spreadMethod":"pad","stops":[{"color":"#b5bdc8","offset":0},{"color":"#6e7881","offset":0.5},{"color":"#28343b","offset":1}],"x0":0,"y0":0.5,"x1":1,"y1":0.5}},"stroke":{"type":"color","method":"stroke","blend":"normal","enabled":true,"opacity":1,"lineDash":"none","lineDashOffset":0,"lineCap":"round","lineJoin":"miter","lineWidth":1,"miterLimit":4,"alignment":"center","color":"#ff3737"},"bbox":{"x":387,"y":202,"width":217.01,"height":22.00999999999999,"rotation":-0.21145085912814224,"padding":11,"scale":{"x":1,"y":1},"units":"userSpaceOnUse"},"id":"dc7541df-5f8e-4b7b-acc9-581c74c8e5a9","idx":38,"pointerId":"you_65905","data":[{"x":0,"y":0,"cmd":"M"},{"x":195,"y":0,"cmd":"L"}],"pathHash":3252691433},{"curved":false,"diameter":19.3,"iteration":1,"blend":"source-over","seed":979631158,"type":"arrow","fill":{"type":"color","method":"fill","blend":"normal","enabled":true,"opacity":1,"color":"#ff3737","gradient":{"type":"linearGradient","noise":0,"spreadMethod":"pad","stops":[{"color":"#b5bdc8","offset":0},{"color":"#6e7881","offset":0.5},{"color":"#28343b","offset":1}],"x0":0,"y0":0.5,"x1":1,"y1":0.5}},"stroke":{"type":"color","method":"stroke","blend":"normal","enabled":true,"opacity":1,"lineDash":"none","lineDashOffset":0,"lineCap":"round","lineJoin":"miter","lineWidth":1,"miterLimit":4,"alignment":"center","color":"#ff3737"},"bbox":{"x":618,"y":283,"width":176.01,"height":22.00999999999999,"rotation":-2.774418819771574,"padding":11,"scale":{"x":1,"y":1},"units":"userSpaceOnUse"},"id":"812ebd34-06cf-4acb-a73e-b012fb29e6ac","idx":39,"pointerId":"you_65906","data":[{"x":0,"y":0,"cmd":"M"},{"x":154,"y":0,"cmd":"L"}],"pathHash":1222048612},{"curved":false,"diameter":19.3,"iteration":1,"blend":"source-over","seed":998559765,"type":"arrow","fill":{"type":"color","method":"fill","blend":"normal","enabled":true,"opacity":1,"color":"#ff3737","gradient":{"type":"linearGradient","noise":0,"spreadMethod":"pad","stops":[{"color":"#b5bdc8","offset":0},{"color":"#6e7881","offset":0.5},{"color":"#28343b","offset":1}],"x0":0,"y0":0.5,"x1":1,"y1":0.5}},"stroke":{"type":"color","method":"stroke","blend":"normal","enabled":true,"opacity":1,"lineDash":"none","lineDashOffset":0,"lineCap":"round","lineJoin":"miter","lineWidth":1,"miterLimit":4,"alignment":"center","color":"#ff3737"},"bbox":{"x":679,"y":266,"width":129.01,"height":22.00999999999999,"rotation":1.5427662868350502,"padding":11,"scale":{"x":1,"y":1},"units":"userSpaceOnUse"},"id":"f8a288ed-42b8-451b-8637-cf81442e61bc","idx":40,"pointerId":"you_65907","data":[{"x":0,"y":0,"cmd":"M"},{"x":107,"y":0,"cmd":"L"}],"pathHash":3787951042},{"curved":false,"diameter":19.3,"iteration":1,"blend":"source-over","seed":339305462,"type":"arrow","fill":{"type":"color","method":"fill","blend":"normal","enabled":true,"opacity":1,"color":"#ff3737","gradient":{"type":"linearGradient","noise":0,"spreadMethod":"pad","stops":[{"color":"#b5bdc8","offset":0},{"color":"#6e7881","offset":0.5},{"color":"#28343b","offset":1}],"x0":0,"y0":0.5,"x1":1,"y1":0.5}},"stroke":{"type":"color","method":"stroke","blend":"normal","enabled":true,"opacity":1,"lineDash":"none","lineDashOffset":0,"lineCap":"round","lineJoin":"miter","lineWidth":1,"miterLimit":4,"alignment":"center","color":"#ff3737"},"bbox":{"x":626,"y":510,"width":313.01,"height":22.00999999999999,"rotation":-2.1702488116366343,"padding":11,"scale":{"x":1,"y":1},"units":"userSpaceOnUse"},"id":"671f088c-8bd0-4f0a-97a6-0d75f65e7914","idx":41,"pointerId":"you_65908","data":[{"x":0,"y":0,"cmd":"M"},{"x":291,"y":0,"cmd":"L"}],"pathHash":1744057902},{"curved":false,"diameter":19.3,"iteration":1,"blend":"source-over","seed":1645403461,"type":"arrow","fill":{"type":"color","method":"fill","blend":"normal","enabled":true,"opacity":1,"color":"#ff3737","gradient":{"type":"linearGradient","noise":0,"spreadMethod":"pad","stops":[{"color":"#b5bdc8","offset":0},{"color":"#6e7881","offset":0.5},{"color":"#28343b","offset":1}],"x0":0,"y0":0.5,"x1":1,"y1":0.5}},"stroke":{"type":"color","method":"stroke","blend":"normal","enabled":true,"opacity":1,"lineDash":"none","lineDashOffset":0,"lineCap":"round","lineJoin":"miter","lineWidth":1,"miterLimit":4,"alignment":"center","color":"#ff3737"},"bbox":{"x":689,"y":493,"width":198.01,"height":22.00999999999999,"rotation":-1.6048740383819045,"padding":11,"scale":{"x":1,"y":1},"units":"userSpaceOnUse"},"id":"4777862f-b699-4374-8da0-2cef7f659a86","idx":42,"pointerId":"you_65909","data":[{"x":0,"y":0,"cmd":"M"},{"x":176,"y":0,"cmd":"L"}],"pathHash":2212529060},{"content":"GamePlay","fitText":true,"fontFamily":"open-sans","fontSize":20,"fontStyle":"normal","fontVariant":"normal","fontWeight":"normal","letterSpacing":0,"lineHeight":1,"textAlign":"center","textDecoration":"none","textTransform":"none","whiteSpace":"pre-wrap","wordSpacing":0,"bbox":{"x":636,"y":415,"width":96.30177966194584,"height":25.316463005516905,"rotation":0,"padding":0,"scale":{"x":1,"y":1},"units":"userSpaceOnUse"},"blend":"normal","id":"b8d8f7bf-c0a7-4f87-b003-c939e910af59","idx":43,"pointerId":"you_65592","seed":328715882,"type":"fancyText","fill":{"type":"color","method":"fill","blend":"normal","enabled":true,"opacity":1,"color":"#000000"},"stroke":{"type":"color","method":"stroke","blend":"normal","enabled":false,"opacity":1,"lineDash":"none","lineDashOffset":0,"lineCap":"round","lineJoin":"miter","lineWidth":1,"miterLimit":4,"alignment":"center","color":"#ff0000"},"highRes":false},{"cutout":0,"roundness":0,"blend":"source-over","type":"square","fill":{"type":"color","method":"fill","blend":"normal","enabled":true,"opacity":1,"color":"#4a87ff","gradient":{"type":"linearGradient","noise":0,"spreadMethod":"pad","stops":[{"color":"#b5bdc8","offset":0},{"color":"#6e7881","offset":0.5},{"color":"#28343b","offset":1}],"x0":0,"y0":0.5,"x1":1,"y1":0.5}},"stroke":{"type":"color","method":"stroke","blend":"normal","enabled":true,"opacity":1,"lineDash":"none","lineDashOffset":0,"lineCap":"round","lineJoin":"miter","lineWidth":2,"miterLimit":4,"alignment":"center","color":"black"},"bbox":{"x":563.0000000000001,"y":577,"width":50,"height":50,"rotation":1.7763568394002505e-15,"padding":0,"scale":{"x":1.6317681237977515,"y":1.6317681237977515},"units":"userSpaceOnUse"},"id":"7179cb89-faed-402f-afb4-9f9410e3beff","seed":737591477,"idx":44,"pointerId":"you_65938","highRes":false},{"cutout":0,"roundness":0,"blend":"source-over","type":"square","fill":{"type":"color","method":"fill","blend":"normal","enabled":true,"opacity":1,"color":"#b5d0ff","gradient":{"type":"linearGradient","noise":0,"spreadMethod":"pad","stops":[{"color":"#b5bdc8","offset":0},{"color":"#6e7881","offset":0.5},{"color":"#28343b","offset":1}],"x0":0,"y0":0.5,"x1":1,"y1":0.5}},"stroke":{"type":"color","method":"stroke","blend":"normal","enabled":true,"opacity":1,"lineDash":"none","lineDashOffset":0,"lineCap":"round","lineJoin":"miter","lineWidth":2,"miterLimit":4,"alignment":"center","color":"black"},"bbox":{"x":729,"y":656.9006323733834,"width":50,"height":50,"rotation":-1.5707963267948966,"padding":0,"scale":{"x":1.5780126474676663,"y":1.5780126474676663},"units":"userSpaceOnUse"},"id":"ed8d857f-ce12-486a-809d-8f654f5ee9de","seed":84287170,"idx":45,"pointerId":"you_65941","highRes":false},{"content":"Win Game","fitText":true,"fontFamily":"open-sans","fontSize":14.875,"fontStyle":"normal","fontVariant":"normal","fontWeight":"normal","letterSpacing":0,"lineHeight":1,"textAlign":"center","textDecoration":"none","textTransform":"none","whiteSpace":"pre-wrap","wordSpacing":0,"blend":"normal","type":"fancyText","fill":{"type":"color","method":"fill","blend":"normal","enabled":true,"opacity":1,"color":"#000000"},"stroke":{"type":"color","method":"stroke","blend":"normal","enabled":false,"opacity":1,"lineDash":"none","lineDashOffset":0,"lineCap":"round","lineJoin":"miter","lineWidth":1,"miterLimit":4,"alignment":"center","color":"#ff0000"},"bbox":{"x":569.0000000000001,"y":588,"width":72.14234276559634,"height":20.454573040156614,"rotation":0,"padding":0,"scale":{"x":1,"y":1},"units":"userSpaceOnUse"},"id":"ffee36d2-28c0-4de7-90c9-866df988ebe0","seed":1461001517,"idx":46,"pointerId":"you_65952","highRes":false},{"content":"Lose Game","fitText":true,"fontFamily":"open-sans","fontSize":13,"fontStyle":"normal","fontVariant":"normal","fontWeight":"normal","letterSpacing":0,"lineHeight":1,"textAlign":"center","textDecoration":"none","textTransform":"none","whiteSpace":"pre-wrap","wordSpacing":0,"bbox":{"x":732,"y":586.9006323733834,"width":72.14234276559634,"height":20.454573040156614,"rotation":0,"padding":0,"scale":{"x":1,"y":1},"units":"userSpaceOnUse"},"blend":"normal","id":"6000df79-fb2c-4a2a-95ba-af53ca40d48c","idx":47,"pointerId":"you_65952","seed":1461001517,"type":"fancyText","fill":{"type":"color","method":"fill","blend":"normal","enabled":true,"opacity":1,"color":"#000000"},"highRes":false},{"curved":false,"diameter":13,"iteration":1,"blend":"source-over","seed":379016048,"type":"arrow","fill":{"type":"color","method":"fill","blend":"normal","enabled":true,"opacity":1,"color":"#ffff49","gradient":{"type":"linearGradient","noise":0,"spreadMethod":"pad","stops":[{"color":"#b5bdc8","offset":0},{"color":"#6e7881","offset":0.5},{"color":"#28343b","offset":1}],"x0":0,"y0":0.5,"x1":1,"y1":0.5}},"stroke":{"type":"color","method":"stroke","blend":"normal","enabled":true,"opacity":1,"lineDash":"none","lineDashOffset":0,"lineCap":"round","lineJoin":"miter","lineWidth":1,"miterLimit":4,"alignment":"center","color":"#ff3737"},"bbox":{"x":688,"y":527,"width":76.00999999999999,"height":16.00999999999999,"rotation":2.2848870254070546,"padding":8,"scale":{"x":1,"y":1},"units":"userSpaceOnUse"},"id":"e667fd46-1808-4146-a8a3-d2072d8fe205","idx":48,"pointerId":"you_65985","data":[{"x":0,"y":0,"cmd":"M"},{"x":60,"y":0,"cmd":"L"}],"pathHash":1118560722},{"curved":false,"diameter":13,"iteration":1,"blend":"source-over","seed":12306557,"type":"arrow","fill":{"type":"color","method":"fill","blend":"normal","enabled":true,"opacity":1,"color":"#ffff49","gradient":{"type":"linearGradient","noise":0,"spreadMethod":"pad","stops":[{"color":"#b5bdc8","offset":0},{"color":"#6e7881","offset":0.5},{"color":"#28343b","offset":1}],"x0":0,"y0":0.5,"x1":1,"y1":0.5}},"stroke":{"type":"color","method":"stroke","blend":"normal","enabled":true,"opacity":1,"lineDash":"none","lineDashOffset":0,"lineCap":"round","lineJoin":"miter","lineWidth":1,"miterLimit":4,"alignment":"center","color":"#ff3737"},"bbox":{"x":709,"y":513,"width":85.00999999999999,"height":16.00999999999999,"rotation":0.8465463260467495,"padding":8,"scale":{"x":1,"y":1},"units":"userSpaceOnUse"},"id":"dd4733f8-6023-4276-9554-cbd62bf4795d","idx":49,"pointerId":"you_65986","data":[{"x":0,"y":0,"cmd":"M"},{"x":69,"y":0,"cmd":"L"}],"pathHash":3442354491},{"curved":false,"diameter":13,"iteration":1,"blend":"source-over","seed":468788782,"type":"arrow","fill":{"type":"color","method":"fill","blend":"normal","enabled":true,"opacity":1,"color":"#ff3737","gradient":{"type":"linearGradient","noise":0,"spreadMethod":"pad","stops":[{"color":"#b5bdc8","offset":0},{"color":"#6e7881","offset":0.5},{"color":"#28343b","offset":1}],"x0":0,"y0":0.5,"x1":1,"y1":0.5}},"stroke":{"type":"color","method":"stroke","blend":"normal","enabled":true,"opacity":1,"lineDash":"none","lineDashOffset":0,"lineCap":"round","lineJoin":"miter","lineWidth":1,"miterLimit":4,"alignment":"center","color":"#ff3737"},"bbox":{"x":603,"y":576,"width":85.00999999999999,"height":16.00999999999999,"rotation":-0.8465463260467495,"padding":8,"scale":{"x":1,"y":1},"units":"userSpaceOnUse"},"id":"325b0130-8b78-4972-9685-0f568ea6f513","idx":50,"pointerId":"you_65992","data":[{"x":0,"y":0,"cmd":"M"},{"x":69,"y":0,"cmd":"L"}],"pathHash":3442354491},{"curved":false,"diameter":13,"iteration":1,"blend":"source-over","seed":1854960149,"type":"arrow","fill":{"type":"color","method":"fill","blend":"normal","enabled":true,"opacity":1,"color":"#ff3737","gradient":{"type":"linearGradient","noise":0,"spreadMethod":"pad","stops":[{"color":"#b5bdc8","offset":0},{"color":"#6e7881","offset":0.5},{"color":"#28343b","offset":1}],"x0":0,"y0":0.5,"x1":1,"y1":0.5}},"stroke":{"type":"color","method":"stroke","blend":"normal","enabled":true,"opacity":1,"lineDash":"none","lineDashOffset":0,"lineCap":"round","lineJoin":"miter","lineWidth":1,"miterLimit":4,"alignment":"center","color":"#ff3737"},"bbox":{"x":776,"y":586,"width":84.00999999999999,"height":16.00999999999999,"rotation":-2.220197072154961,"padding":8,"scale":{"x":1,"y":1},"units":"userSpaceOnUse"},"id":"99350021-7650-4213-8807-5bf361273497","idx":51,"pointerId":"you_65993","data":[{"x":0,"y":0,"cmd":"M"},{"x":68,"y":0,"cmd":"L"}],"pathHash":2137521882},{"curved":false,"diameter":5,"iteration":1,"blend":"source-over","seed":1129812834,"type":"arrow","fill":{"type":"color","method":"fill","blend":"normal","enabled":true,"opacity":1,"color":"#ff3737","gradient":{"type":"linearGradient","noise":0,"spreadMethod":"pad","stops":[{"color":"#b5bdc8","offset":0},{"color":"#6e7881","offset":0.5},{"color":"#28343b","offset":1}],"x0":0,"y0":0.5,"x1":1,"y1":0.5}},"stroke":{"type":"color","method":"stroke","blend":"normal","enabled":true,"opacity":1,"lineDash":"none","lineDashOffset":0,"lineCap":"round","lineJoin":"miter","lineWidth":1,"miterLimit":4,"alignment":"center","color":"#ff3737"},"bbox":{"x":568,"y":568,"width":291.01,"height":8.009999999999991,"rotation":-1.3713188823747484,"padding":4,"scale":{"x":1,"y":1},"units":"userSpaceOnUse"},"id":"9e83e595-2c5b-4b3c-ab8d-62165fcc70a9","idx":52,"pointerId":"you_65995","data":[{"x":0,"y":0,"cmd":"M"},{"x":283,"y":0,"cmd":"L"}],"pathHash":558801165},{"curved":false,"diameter":5,"iteration":1,"blend":"source-over","seed":918554580,"type":"arrow","fill":{"type":"color","method":"fill","blend":"normal","enabled":true,"opacity":1,"color":"#ff3737","gradient":{"type":"linearGradient","noise":0,"spreadMethod":"pad","stops":[{"color":"#b5bdc8","offset":0},{"color":"#6e7881","offset":0.5},{"color":"#28343b","offset":1}],"x0":0,"y0":0.5,"x1":1,"y1":0.5}},"stroke":{"type":"color","method":"stroke","blend":"normal","enabled":true,"opacity":1,"lineDash":"none","lineDashOffset":0,"lineCap":"round","lineJoin":"miter","lineWidth":1,"miterLimit":4,"alignment":"center","color":"#ff3737"},"bbox":{"x":809,"y":581,"width":306.01,"height":8.009999999999991,"rotation":-1.8394054723466036,"padding":4,"scale":{"x":1,"y":1},"units":"userSpaceOnUse"},"id":"060324e9-504d-4b36-9741-9624f34090a6","idx":53,"pointerId":"you_65996","data":[{"x":0,"y":0,"cmd":"M"},{"x":298,"y":0,"cmd":"L"}],"pathHash":4172523943},{"curved":false,"diameter":5,"iteration":1,"blend":"source-over","seed":66671567,"type":"arrow","fill":{"type":"color","method":"fill","blend":"normal","enabled":true,"opacity":1,"color":"#ff3737","gradient":{"type":"linearGradient","noise":0,"spreadMethod":"pad","stops":[{"color":"#b5bdc8","offset":0},{"color":"#6e7881","offset":0.5},{"color":"#28343b","offset":1}],"x0":0,"y0":0.5,"x1":1,"y1":0.5}},"stroke":{"type":"color","method":"stroke","blend":"normal","enabled":true,"opacity":1,"lineDash":"none","lineDashOffset":0,"lineCap":"round","lineJoin":"miter","lineWidth":1,"miterLimit":4,"alignment":"center","color":"#ff3737"},"bbox":{"x":571,"y":585,"width":354.01,"height":8.009999999999991,"rotation":-1.9244994728760185,"padding":4,"scale":{"x":1,"y":1},"units":"userSpaceOnUse"},"id":"ba61c663-72bf-4abc-923d-0376a5e1fa1c","idx":54,"pointerId":"you_65997","data":[{"x":0,"y":0,"cmd":"M"},{"x":346,"y":0,"cmd":"L"}],"pathHash":3669299077},{"curved":false,"diameter":5,"iteration":1,"blend":"source-over","seed":47754376,"type":"arrow","fill":{"type":"color","method":"fill","blend":"normal","enabled":true,"opacity":1,"color":"#ff3737","gradient":{"type":"linearGradient","noise":0,"spreadMethod":"pad","stops":[{"color":"#b5bdc8","offset":0},{"color":"#6e7881","offset":0.5},{"color":"#28343b","offset":1}],"x0":0,"y0":0.5,"x1":1,"y1":0.5}},"stroke":{"type":"color","method":"stroke","blend":"normal","enabled":true,"opacity":1,"lineDash":"none","lineDashOffset":0,"lineCap":"round","lineJoin":"miter","lineWidth":1,"miterLimit":4,"alignment":"center","color":"#ff3737"},"bbox":{"x":814,"y":592,"width":508.01,"height":8.009999999999991,"rotation":-1.544802183086435,"padding":4,"scale":{"x":1,"y":1},"units":"userSpaceOnUse"},"id":"dfc1d9a2-b470-4284-932e-af0b397b1430","idx":55,"pointerId":"you_65998","data":[{"x":0,"y":0,"cmd":"M"},{"x":500,"y":0,"cmd":"L"}],"pathHash":2338023809},{"curved":false,"diameter":5,"iteration":1,"blend":"source-over","seed":285355032,"type":"arrow","fill":{"type":"color","method":"fill","blend":"normal","enabled":true,"opacity":1,"color":"#ff3737","gradient":{"type":"linearGradient","noise":0,"spreadMethod":"pad","stops":[{"color":"#b5bdc8","offset":0},{"color":"#6e7881","offset":0.5},{"color":"#28343b","offset":1}],"x0":0,"y0":0.5,"x1":1,"y1":0.5}},"stroke":{"type":"color","method":"stroke","blend":"normal","enabled":true,"opacity":1,"lineDash":"none","lineDashOffset":0,"lineCap":"round","lineJoin":"miter","lineWidth":1,"miterLimit":4,"alignment":"center","color":"#ff3737"},"bbox":{"x":835,"y":92,"width":382.01,"height":8.010000000000005,"rotation":3.039795212403753,"padding":4,"scale":{"x":1,"y":1},"units":"userSpaceOnUse"},"id":"135a81a0-e199-4ea5-b120-b07498978cd4","idx":56,"pointerId":"you_65999","data":[{"x":0,"y":0,"cmd":"M"},{"x":374,"y":0,"cmd":"L"}],"pathHash":2985982884},{"curved":false,"diameter":10,"iteration":1,"blend":"source-over","seed":1175721374,"type":"arrow","fill":{"type":"color","method":"fill","blend":"normal","enabled":true,"opacity":1,"color":"#ff3737","gradient":{"type":"linearGradient","noise":0,"spreadMethod":"pad","stops":[{"color":"#b5bdc8","offset":0},{"color":"#6e7881","offset":0.5},{"color":"#28343b","offset":1}],"x0":0,"y0":0.5,"x1":1,"y1":0.5}},"stroke":{"type":"color","method":"stroke","blend":"normal","enabled":true,"opacity":1,"lineDash":"none","lineDashOffset":0,"lineCap":"round","lineJoin":"miter","lineWidth":1,"miterLimit":4,"alignment":"center","color":"#ff3737"},"bbox":{"x":995,"y":77,"width":172.01,"height":12.010000000000005,"rotation":0.012499349019361679,"padding":6,"scale":{"x":1,"y":1},"units":"userSpaceOnUse"},"id":"184d9de1-3e60-43f1-b7fa-03e1cfefb5a7","idx":57,"pointerId":"you_66009","data":[{"x":0,"y":0,"cmd":"M"},{"x":160,"y":0,"cmd":"L"}],"pathHash":3871388483},{"curved":false,"diameter":10,"iteration":1,"blend":"source-over","seed":731048206,"type":"arrow","fill":{"type":"color","method":"fill","blend":"normal","enabled":true,"opacity":1,"color":"#fff200","gradient":{"type":"linearGradient","noise":0,"spreadMethod":"pad","stops":[{"color":"#b5bdc8","offset":0},{"color":"#6e7881","offset":0.5},{"color":"#28343b","offset":1}],"x0":0,"y0":0.5,"x1":1,"y1":0.5}},"stroke":{"type":"color","method":"stroke","blend":"normal","enabled":true,"opacity":1,"lineDash":"none","lineDashOffset":0,"lineCap":"round","lineJoin":"miter","lineWidth":1,"miterLimit":4,"alignment":"center","color":"#fff200"},"bbox":{"x":1001,"y":140,"width":162.01,"height":12.009999999999991,"rotation":0.006666567903868229,"padding":6,"scale":{"x":1,"y":1},"units":"userSpaceOnUse"},"id":"1781da36-0f9b-42a8-8dc9-a8370484945b","idx":58,"pointerId":"you_66014","data":[{"x":0,"y":0,"cmd":"M"},{"x":150,"y":0,"cmd":"L"}],"pathHash":3412286816},{"content":"Bấm vào button để chuyển","fitText":true,"fontFamily":"open-sans","fontSize":26.875,"fontStyle":"normal","fontVariant":"normal","fontWeight":"normal","letterSpacing":0,"lineHeight":1,"textAlign":"center","textDecoration":"none","textTransform":"none","whiteSpace":"pre-wrap","wordSpacing":0,"bbox":{"x":1204,"y":42,"width":236.55667927216425,"height":57.82250411905648,"rotation":0,"padding":0,"scale":{"x":1,"y":1},"units":"userSpaceOnUse"},"blend":"normal","id":"64648889-811a-421f-8521-5570bc42e619","idx":59,"pointerId":"you_65592","seed":328715882,"type":"fancyText","fill":{"type":"color","method":"fill","blend":"normal","enabled":true,"opacity":1,"color":"#000000"},"highRes":false},{"content":"Tự chuyển khi một số điều kiện đúng","fitText":true,"fontFamily":"open-sans","fontSize":24.875,"fontStyle":"normal","fontVariant":"normal","fontWeight":"normal","letterSpacing":0,"lineHeight":1,"textAlign":"center","textDecoration":"none","textTransform":"none","whiteSpace":"pre-wrap","wordSpacing":0,"bbox":{"x":1204,"y":131,"width":226.8418259139644,"height":53.53935566579305,"rotation":0,"padding":0,"scale":{"x":1,"y":1},"units":"userSpaceOnUse"},"blend":"normal","id":"cf4c23ba-5698-4a21-8241-926c38939411","idx":60,"pointerId":"you_65592","seed":328715882,"type":"fancyText","fill":{"type":"color","method":"fill","blend":"normal","enabled":true,"opacity":1,"color":"#000000"},"highRes":false}]}